1,原生墅 康和园 次顶好楼层 双卧朝南通透好户型 电梯房,原生墅 ,3室2厅,153.02平米,南北,精装,12层,null,板楼
2,高家园五区中间层两居精装修满五唯一,高家园五区 ,2室1厅,60.98平米,东南西南,精装,中楼层(共6层),1987年,板楼
3,全明两居、客厅东向采光视野好、满五不唯一,太阳公元北区 ,2室1厅,87.36平米,东南,精装,中楼层(共27层),2010年,板楼
4,首套置业 小区中间位置 户型方正采光充足业主诚心出售,名佳花园一区 ,2室1厅,95.07平米,南北,简装,中楼层(共7层),null,板楼
5,四环内  品质洋房上跃  一套可品咖啡赏星辰的房子,鸿坤花语墅 ,4室2厅,146.79平米,南北,精装,顶层(共6层),null,板楼
6,满五年唯一 卫生间带窗户 无遮挡 采光好,珠江国际城八区 ,3室2厅,129.53平米,南北,简装,中楼层(共5层),2004年,板楼
7,石佛营西里小区 中间层 无遮挡 价格可聊 靠谱卖,石佛营西里小区 ,2室1厅,62.18平米,南北,简装,6层,null,板楼
8,北三环使用面积大同小区同户型商品房房本面积165.26平,冠城南园 ,3室2厅,146.6平米,东西南北,精装,高楼层(共24层),null,塔楼
9,地铁1号线四惠南向一居室，采光充足，满五年唯一,康家园 ,1室1厅,42.72平米,南,简装,高楼层(共6层),1994年,板楼
10,溪水花园八区 小区环境好 楼层适中,溪水花园八区 ,2室1厅,81.6平米,南北,其他,中楼层(共6层),null,暂无数据
11,松榆西里低楼层精装修三居室 满五唯一,松榆西里 ,3室1厅,73.01平米,南西北,精装,低楼层(共6层),null,板楼
12,望园西里 精装修一居室 中高楼层 采光好 诚心出售,望园西里 ,1室1厅,47.85平米,东西,精装,中楼层(共6层),null,板楼
13,流星花园三区 不临街不把边 中间楼层 一居室,流星花园三区 ,1室1厅,49.61平米,北,精装,高楼层(共11层),null,板塔结合
14,嘉华世纪南向一居室 无遮挡视野好 看房方便,嘉华世纪公寓 ,1室1厅,92.47平米,南,简装,中楼层(共18层),2003年,板楼
15,梵谷水郡小区三期2009年的房子4号楼24层,梵谷水郡 ,2室2厅,94.9平米,东东南南,简装,顶层(共24层),null,塔楼
16,二里庄 正南一居室 户型方正 明厨明卫,二里庄小区 ,1室1厅,43.1平米,南,简装,中楼层(共6层),1992年,板楼
17,《低密洋房社区》商品房满五年唯一，中楼层，南北一居,天通苑二区 ,1室1厅,61.32平米,南北,简装,中楼层(共6层),1999年,板楼
18,金泰丽湾悦栖山 正规三居室  南北通透楼层好,金泰丽湾悦栖山 ,3室1厅,121.14平米,南北,精装,21层,null,板楼
19,富力尚悦居A区 3室2厅 南 北,富力尚悦居A区 ,3室2厅,112.2平米,南北,精装,中楼层(共20层),null,板楼
20,万科青青家园 4-5层复式上下两层 动静分开 满五年,万科青青家园 ,3室2厅,177.92平米,南北,简装,中楼层(共5层),null,板楼
21,商品房本 满五唯一 南北通透 格局方正 采光好,绿丰家园 ,2室1厅,58.49平米,南北,简装,底层(共6层),null,板楼
22,双城公寓 2室1厅 西北,双城公寓 ,2室1厅,127.8平米,西北,简装,中楼层(共27层),null,塔楼
23,【东城】新中西街，低楼层两居室，近地铁公园。,新中西街 ,2室1厅,58.4平米,东西,简装,中楼层(共7层),null,板楼
24,格林云墅，南中轴机场商务区，花园洋房,格林云墅 ,3室1厅,89.35平米,南北,简装,中楼层(共9层),2016年,板楼
25,刷卡进团结湖公园 锦湖园公寓国企开发物业 精装两居室,锦湖园公寓 ,2室1厅,95.39平米,西北,精装,低楼层(共26层),2000年,塔楼
26,海棠湾一期 西向高楼层 无遮挡 无增值税 视野好,海棠湾一期 ,1室0厅,46.63平米,西,精装,高楼层(共27层),2010年,塔楼
27,中天国际，南向，满五年唯一，高层观景，挨着地铁,中天国际 ,1室1厅,46.76平米,南,精装,高楼层(共16层),null,塔楼
28,视野好，没有遮挡，看房方便，户型方正,菊园 ,2室1厅,58.28平米,南北,简装,高楼层(共6层),1995年,板楼
29,东领东向开间 满五唯一商品房 交通便利,东领鉴筑 ,1室0厅,63.97平米,东,简装,低楼层(共12层),2005年,板楼
30,艺苑西街9号院 满五年 中间层 正规两居,艺苑西街9号院 ,2室1厅,72.87平米,东西,简装,中楼层(共7层),null,板楼
31,福润四季A区，中高楼层，采光无遮挡，视野好,福润四季A区 ,2室1厅,76.45平米,南北,精装,中楼层(共17层),null,板楼
32,南北通透，楼层好，采光充足视野宽阔，满五唯一商品房,北大街南里 ,2室1厅,53.9平米,南北,简装,中楼层(共6层),1986年,板楼
33,远洋沁山水上品  一层两居室 出入方便,远洋沁山水上品 ,2室1厅,88.87平米,南北,简装,18层,2011年,板塔结合
34,冬季星空 地铁10+4号线角门西站 全明户型  舒适宜居,冬季星空 ,1室1厅,62.46平米,北,简装,低楼层(共16层),null,塔楼
35,晓月新城方正一居室，满五唯一，价格能谈,晓月新城 ,1室1厅,55.61平米,北,简装,中楼层(共24层),null,塔楼
36,梅园 2室1厅 南 北,梅园 ,2室1厅,54.3平米,南北,简装,底层(共6层),1992年,板楼
37,此房商品房满5年唯一住宅，小区中间位置，很安静,流星花园二区 ,2室1厅,83.79平米,南北,精装,6层,null,板楼
38,兰园中间位置中间楼层满五唯一一居,兰园 ,1室1厅,50.1平米,南,简装,中楼层(共6层),null,板楼
39,高楼层，满五唯一，朝南向，视野好，东二环单价6万,燕华苑 ,2室1厅,124.65平米,东南,简装,高楼层(共27层),null,板塔结合
40,公园2008.小区花园旁、边户、西南北三居室,北苑家园望春园 ,3室2厅,131.56平米,南西北,简装,高楼层(共14层),null,板楼
41,顺驰领海 观湖三居 南北通透 满五唯一,顺驰领海 ,3室2厅,170.78平米,南北,简装,高楼层(共20层),null,板楼
42,望都家园 2室2厅 南 北,望都家园 ,2室2厅,116.47平米,南北,简装,6层,null,板楼
43,西辛南区 3室1厅 南 北,西辛南区 ,3室1厅,95.26平米,南北,简装,6层,2003年,板楼
44,常营住欣家园  中间楼层  户型方正正规一居室,住欣家园 ,1室1厅,49.56平米,东南,简装,中楼层(共28层),null,塔楼
45,此房满五唯一，正规一居室，户型方正,房地远洋悦山水 ,1室1厅,56.04平米,南,精装,低楼层(共22层),null,板楼
46,三环里中间层客厅有明窗满五唯一,洋桥西里 ,2室1厅,53.9平米,南北,简装,6层,null,板楼
47,路劲·御合院....................................,路劲·御合院 ,4室2厅,263.23平米,南北,毛坯,3层,null,2021年
48,天龙华鹤 2室1厅 南,天龙华鹤 ,2室1厅,104.44平米,南,精装,高楼层(共29层),null,塔楼
49,大井南里 南北精装两居 不临路 近地铁,大井南里 ,2室1厅,53.46平米,南北,精装,高楼层(共6层),1989年,板楼
50,菊源南里小区 南北通透 满五年唯一 精装修两居,菊源南里 ,2室1厅,86.05平米,南北,精装,高楼层(共6层),2003年,板楼
51,泰禾拾景园中叠边户，南北通透，入户电梯，独立花园,泰禾拾景园 ,4室1厅,303.88平米,南北,精装,中楼层(共6层),null,板楼
52,滨河西里中区 地铁800m 一层的房子,滨河西里中区 ,2室1厅,52.17平米,东西,简装,底层(共6层),1994年,板楼
53,通州北苑杨庄小区精装小两居南北通透满五唯一,杨庄小区 ,2室1厅,65.82平米,南北,精装,顶层(共6层),1994年,板楼
54,中海长安雅苑一层标准一居室环境好,中海长安雅苑 ,1室1厅,56.64平米,南,精装,底层(共11层),null,板楼
55,洋桥 角门东里 地铁10号线角门东店 小区中间位置,角门东里 ,2室1厅,54.67平米,南北,简装,高楼层(共6层),null,板楼
56,豆角胡同，满两年，2层全南两居，,豆角胡同 ,2室1厅,44.46平米,南,简装,中楼层(共5层),null,板楼
57,大兴丽园C区，南北通透，三居室,丽园C区 ,3室2厅,121.02平米,南北,简装,高楼层(共6层),2008年,板楼
58,荣丰2008 二期南向复式 视野采光好，无遮挡,荣丰2008 ,1室1厅,32.71平米,南,精装,中楼层(共12层),null,塔楼
59,楼层高视野好，精装修省心入住，采光充足,首开熙悦山熹园1号院 ,2室1厅,83.13平米,南,精装,高楼层(共21层),null,板塔结合
60,此房满五年唯一，南北西三面采光，户型好，视野好,荔景园新区 ,3室1厅,102.59平米,南北,简装,高楼层(共11层),2014年,板塔结合
61,二环内 建功北里  97年分房 婚房装修 满五唯一,建功北里 ,2室1厅,65.14平米,东南,精装,低楼层(共14层),1998年,板楼
62,车公庄中里 双南两居 楼层高 采光好,车公庄中里 ,2室1厅,50.5平米,南,简装,顶层(共5层),1982年,板楼
63,沿湖小区精选三居南北通透采光地段好,沿湖小区 ,3室2厅,112.7平米,南北,简装,顶层(共6层),2017年,板楼
64,青岛嘉园  地铁沿线 满五唯一三居室 业主诚心出售,青岛嘉园 ,3室2厅,141.64平米,南北,简装,5层,2002年,板楼
65,富力公馆+高品质社区+层高2.95米+地暖社区！,富力城E区 ,1室1厅,95.99平米,北,精装,高楼层(共18层),2008年,塔楼
66,康泽佳苑两居室，不临街，精装修,康泽佳苑南区 ,2室1厅,52.94平米,南西,简装,28层,2014年,塔楼
67,翠林三里 南北通透两居室 价格可谈 诚心出售,翠林三里 ,2室1厅,62.79平米,南北,简装,中楼层(共6层),null,板楼
68,霞光里30号院  边户边户！满五唯一 明厨明卫,霞光里30号院 ,2室1厅,59.56平米,东南东北,简装,顶层(共6层),1992年,板楼
69,世界名园南区  带电梯 一梯两户 南北通透 采光好,世界名园南区 ,3室2厅,134.29平米,南北,毛坯,高楼层(共6层),2011年,板楼
70,南向一居，居住安静，层高3米、大落地窗，有钥匙可看,苹果社区北区 ,1室0厅,59.16平米,南,精装,21层,2008年,塔楼
71,四合欣园，正规一居室，满五唯一，只有契税,四合欣园 ,1室1厅,53.04平米,南,精装,高楼层(共20层),2014年,板楼
72,奥森公园旁正规三居两卫 看房方便 满五唯一,澳林春天二期 ,3室1厅,119平米,东东北东南,简装,中楼层(共24层),2002年,塔楼
73,鑫兆佳园 满五唯一 全明格局 诚意出售,柏林爱乐二期 ,2室1厅,111.54平米,南,精装,24层,null,塔楼
74,不临街 甘露园南里  中层客厅带窗 钢混结构 停车方便,甘露园南里 ,2室1厅,57.03平米,西南北,简装,中楼层(共6层),1994年,板楼
75,恒昌花园 近地铁 无遮挡 三居室  精装修 满五年唯一,恒昌花园 ,3室2厅,135.97平米,东,精装,高楼层(共28层),1999年,塔楼
76,迎风一里 低楼层 全南两居 明厨明卫 看房方便,迎风一里 ,2室1厅,55.78平米,南,精装,中楼层(共5层),null,板楼
77,康泽佳苑经典一居室，无浪费面积，格局方正,康泽佳苑南区 ,1室1厅,42.19平米,东北,简装,28层,2014年,塔楼
78,太平桥西里 电梯房西南两居 小区中间位置 地铁9号线,太平桥西里 ,2室1厅,60.9平米,西南,精装,低楼层(共21层),null,塔楼
79,玉林里小区 单独管理好 高楼层电梯房,玉林里小区 ,1室1厅,48.84平米,西南,简装,18层,null,塔楼
80,温泉花园B区，四层，满五唯一，采光视野好，诚心出售,温泉花园B区 ,2室1厅,81.96平米,南北,简装,中楼层(共7层),null,板楼
81,名佳花园三区 南北通透一居室 中间楼层 中间位置,名佳花园三区 ,1室1厅,64.72平米,南北,精装,6层,null,板楼
82,瀛永街46号院南北向低楼层两居室,永旭嘉园 ,2室1厅,88.33平米,南北,简装,底层(共16层),2015年,板楼
83,东南三环商品房世纪星家园高楼层采光好无遮挡一居室,世纪星家园 ,1室1厅,50.69平米,西,简装,中楼层(共29层),null,板塔结合
84,首地浣溪谷 满五唯一 优质两居 看房方便,首地浣溪谷 ,2室1厅,83.36平米,南北,精装,低楼层(共6层),2014年,板楼
85,房子不临街，中间楼层，采光好，无遮挡,春晖园 ,1室1厅,56.43平米,南,简装,中楼层(共6层),null,板楼
86,旭辉一合相满五唯一商品房南北通透精装修,旭辉一合相 ,2室2厅,88.2平米,南北,精装,6层,null,板楼
87,经理推荐 自住装修 采光好 满五唯一  套内面积大,首开熙悦山熹园3号院 ,2室1厅,84.43平米,南,精装,低楼层(共13层),2013年,板塔结合
88,北京丽泽金融商务区 靠谱签约两居室 交通便利,金都苑 ,2室1厅,76.54平米,西南,简装,中楼层(共29层),2006年,塔楼
89,世茂维拉 3室1厅 南 北,世茂维拉 ,3室1厅,100.13平米,南北,精装,低楼层(共12层),null,板塔结合
90,华清嘉园精装修俩居看房方便地铁近,华清嘉园 ,2室1厅,100.36平米,西北,精装,高楼层(共19层),2001年,塔楼
91,金隅万科城二期满五唯一东南两居中间楼层诚意出售,金隅万科城二期 ,2室1厅,84.85平米,东南,精装,中楼层(共28层),null,板塔结合
92,满五唯一，双卫，不临街，配套成熟,永达逸家 ,2室2厅,102.71平米,南,精装,底层(共13层),null,板塔结合
93,此房满五年唯一 全明户型三居室 电梯房 中楼层,望潮家园 ,3室2厅,124.32平米,南北,简装,19层,null,塔楼
94,利泽西园 经典小户型开间 满五唯一 诚意出售,利泽西园 ,1室0厅,49.33平米,北,精装,中楼层(共16层),null,塔楼
95,南北通透，楼层高，视野好，首套契税1%,清缘里中区 ,2室1厅,45.54平米,南北,简装,顶层(共10层),1998年,板楼
96,双地铁6+22加持，人车分流，电梯板楼，好楼层，不临街,天泰苑A8区 ,2室1厅,89.6平米,南北,简装,高楼层(共8层),null,板楼
97,南沙滩小区  中间层一居  97年楼龄,南沙滩小区 ,1室1厅,56.29平米,南,精装,中楼层(共6层),null,板楼
98,东方世纪嘉园房子前后不临街，户型方正，满五年唯一,世纪东方城 ,2室1厅,87.79平米,南,简装,中楼层(共12层),null,板楼
99,德茂小区南北通透精装修小两居，诚信出售,德茂小区 ,1室1厅,54.76平米,南北,精装,顶层(共6层),1994年,板楼
100,石佛营东里 全南向 高层电梯两居 电梯直达 采光好,石佛营东里小区 ,2室1厅,72.94平米,南,简装,低楼层(共18层),null,塔楼
101,急售北京城建琨廷北区2室2厅 花园洋房集中供暖两居室,北京城建琨廷北区 ,2室2厅,85.61平米,南北,简装,低楼层(共15层),2014年,板楼
102,东三环 三里屯 白家庄东里 明厨明卫 无遮挡 采光佳,白家庄东里 ,2室1厅,53.09平米,南,简装,底层(共4层),null,板楼
103,港馨家园西区  满五年唯一 南北通透 独立2居,港馨家园西区 ,2室1厅,90.15平米,南北,简装,中楼层(共6层),2006年,板楼
104,南北通透两居室，诚心卖，看房方便,平原里小区 ,2室1厅,67平米,南北,简装,中楼层(共6层),null,板楼
105,酒仙桥十二街坊 近朝阳公园东风北桥 南北通透全明格局,酒仙桥十二街坊 ,2室1厅,58.47平米,南北,精装,底层(共6层),1986年,板楼
106,都市经典一居 正对小区 无遮挡 户型方正 满五唯一,都市经典家园 ,1室1厅,68.74平米,西,简装,低楼层(共26层),2003年,塔楼
107,店长推荐 翠微中里 财政部家属楼 院中院管理 正,翠微中里 ,1室1厅,45.3平米,南,精装,高楼层(共6层),null,板楼
108,青塔秀园 2室1厅 南 北,青塔秀园 ,2室1厅,58.95平米,南北,简装,高楼层(共6层),null,板楼
109,阳光城檀悦 4室1厅 南 北,阳光城檀悦 ,4室1厅,216.7平米,南北,毛坯,底层(共4层),null,暂无数据
110,龙乡东区南北向一居室，中间楼层，满五唯一商品房！,龙乡东区 ,1室1厅,56.19平米,南北,简装,中楼层(共6层),null,板楼
111,南海子公园旁  精装修 高楼层  电梯直达 随时签约,南海家园四里 ,2室1厅,79.28平米,南北,精装,高楼层(共18层),2012年,板楼
112,卢沟桥南里（安静小区、还近地铁）,卢沟桥南里 ,2室1厅,53.25平米,东南西,精装,中楼层(共6层),1988年,板楼
113,迎风二里 低楼层 南北通透小三居 看房方便,迎风二里 ,3室1厅,61.94平米,南北,简装,中楼层(共5层),null,板楼
114,新于庄园，南北两居室，西边户，不临街,新于庄园 ,2室1厅,81.98平米,南北,精装,低楼层(共11层),null,板楼
115,急售 通州商务区， 地铁6号线，物资学院两居，落地窗,天赐良园二期 ,2室1厅,107.74平米,南北,精装,中楼层(共7层),2002年,板楼
116,满五年唯一 南北通透，换房诚售，户型方正，布局合理,复兴南里 ,2室2厅,81.9平米,南北,精装,顶层(共6层),1998年,板楼
117,满五唯一，全南一居，高楼层，采光视野好,加州水郡三期 ,1室1厅,58.61平米,南,精装,中楼层(共15层),2009年,板楼
118,总监推荐 金隅花石匠二期东区 南北通透 精装修,金隅花石匠二期东区 ,3室2厅,113.97平米,南北,精装,高楼层(共15层),null,板楼
119,随时可看有钥匙 郝庄家园西区 满五唯一 全明格局一居,郝庄家园西区 ,1室1厅,58.79平米,南北,精装,中楼层(共6层),null,板楼
120,西坝河北里 满五唯一 中间楼层 朝南无遮挡,西坝河北里 ,1室1厅,42.29平米,东南,简装,中楼层(共6层),1987年,板楼
121,斯是lou室，人皆地0，谈小有鸿ru，往来无白ding,安慧北里逸园 ,2室1厅,84.37平米,西南北,精装,高楼层(共26层),2000年,塔楼
122,四合巷小区 3室1厅 南 北,四合巷小区 ,3室1厅,80.24平米,南北,简装,6层,1992年,板楼
123,优士阁，双地铁7号线10号线双井站满五唯一,优士阁 ,3室1厅,141.85平米,西北,精装,高楼层(共30层),2004年,塔楼
124,人车分流+全屋地暖+新风系统+园林景观+自住精装修,K2清水湾 ,1室1厅,60.7平米,东北,简装,高楼层(共27层),2012年,板塔结合
125,田家园小区正规两居室南北通透满五唯一,田家园小区 ,2室1厅,90.02平米,南北,精装,低楼层(共6层),2003年,板楼
126,恒大御景湾东区全南两居室。正观湖景满五唯一次新房,恒大御景湾东区 ,2室2厅,89.67平米,西南,精装,中楼层(共20层),null,板楼
127,石佛营西里 99年钢混4层 精装修一居 带车位,石佛营西里小区 ,1室1厅,60.45平米,南北,精装,15层,null,板楼
128,此房满五唯一，高层视野好，业主靠谱卖，户型方正,嘉润花园 ,3室1厅,131.74平米,西,简装,高楼层(共30层),null,塔楼
129,城市绿洲花园  双明卫南北3居有车位  电梯洋房不临街,城市绿洲花园 ,3室2厅,136.85平米,南北,精装,高楼层(共9层),null,板楼
130,华瀚福园D区 2室1厅 南,华瀚福园D区 ,2室1厅,65.24平米,南,简装,18层,null,板楼
131,西城区  荣丰2008小区  二期复式  满五唯一,荣丰2008 ,1室1厅,35.18平米,东南,精装,高楼层(共10层),2005年,塔楼
132,中建一局家属楼建筑质量好把边带窗户无遮挡视野好,望花路东里 ,2室1厅,61.04平米,南北,精装,顶层(共6层),null,板楼
133,晓月苑一里两居室低楼层诚心出售,晓月苑一里 ,2室1厅,56.63平米,南北,简装,底层(共6层),null,板楼
134,总监推荐白纸坊大两居，满五唯一商品房，电梯免费停车,北樱桃园17号院 ,2室2厅,84.26平米,南北,简装,中楼层(共14层),null,板楼
135,知春里 中间楼层三居室 把边户型 随时看房,知春里 ,3室1厅,60.1平米,南西北,简装,低楼层(共6层),1987年,板楼
136,珠江罗马嘉园西区 3室1厅 近地铁,珠江罗马嘉园西区 ,3室1厅,119.51平米,西南,简装,22层,2005年,板塔结合
137,亚林西居住区8号院 低楼层 密度低,亚林西居住区8号院 ,2室1厅,88.17平米,南,简装,26层,null,板楼
138,华采嘉园小区环境好南北通透三居室停车方便,华采嘉园 ,3室1厅,154.29平米,南北,精装,10层,null,板楼
139,万象新天罗兰大道 南北三居室 满五唯一 精装修 中间层,万象新天罗兰大道 ,4室2厅,147.94平米,南西北,精装,15层,null,板楼
140,枣园小区 南北通透 满五年唯一 精装修拎包入住,枣园小区 ,3室1厅,80.29平米,南北,精装,中楼层(共6层),1995年,板楼
141,总监推荐六铺炕小区有电梯次顶层西南朝向,六铺炕 ,2室1厅,61.61平米,西南,简装,高楼层(共16层),1992年,塔楼
142,华润小区  邻凉水河 视野好 采光好 一手房东诚意出售,华润小区 ,2室1厅,68.32平米,西南,简装,高楼层(共16层),null,塔楼
143,金色漫香苑 南北通透，不临街，电梯入户，出行方便,金色漫香苑 ,2室1厅,87.87平米,南北,简装,低楼层(共8层),null,板楼
144,安慧里二区 全明格局三居室 采光好视野好 满五年,安慧里二区 ,3室1厅,85.13平米,西南北,精装,中楼层(共25层),null,塔楼
145,金隅滨和园1号院 2室1厅 南,金隅滨和园1号院 ,2室1厅,68.22平米,南,精装,高楼层(共31层),2014年,板楼
146,新街口东街 南北两居室 不临街 中间楼层 只有契税,新街口东街 ,2室1厅,58.1平米,南北,简装,中楼层(共6层),1980年,板楼
147,壹线国际南向落地窗 一梯四户板楼两居满五唯一,壹线国际 ,1室1厅,60.13平米,南,简装,中楼层(共9层),null,板楼
148,科源小区南北通透 本小区里面的新楼 诚意出售产权清晰,科源小区 ,2室1厅,56.8平米,南北,精装,低楼层(共6层),1988年,板楼
149,电梯西南三居室，近地铁，户型方正,安贞里 ,3室1厅,81.97平米,西南,毛坯,低楼层(共17层),null,塔楼
150,霞光里30号院满五唯一，通透户型，有装修，安静不临街,霞光里30号院 ,2室1厅,54.97平米,南北,简装,顶层(共6层),null,板楼
151,花园社区逸成东苑 东南向1居 采光好 不遮挡 价格低,逸成东苑 ,1室1厅,54.68平米,东南,简装,22层,2003年,塔楼
152,康泽佳苑南区 满五唯一 商品房 采光好,康泽佳苑南区 ,2室1厅,53.96平米,南北,毛坯,18层,2014年,板楼
153,行宫园 2室1厅 南 北,行宫园 ,2室1厅,95.79平米,南北,简装,13层,2000年,板塔结合
154,太平桥东里 2室1厅 南 北,太平桥东里 ,2室1厅,58.4平米,南北,精装,中楼层(共6层),null,板楼
155,怡锦园 人车分流小区 双地铁 小区环境好,怡锦园 ,2室2厅,104.1平米,西南,简装,低楼层(共30层),2003年,塔楼
156,臻园南向两居室，客厅带阳台，主卧次卧有飘窗，方便看,臻园 ,2室1厅,85.51平米,南,精装,低楼层(共18层),2014年,板楼
157,西城区 三义东里电梯楼高楼层西南两居室 满五年唯一,三义东里 ,2室1厅,56.05平米,西南,简装,高楼层(共16层),null,塔楼
158,DBC加州小镇C区精装三居南北通透明厨明卫,DBC加州小镇C区 ,3室2厅,134.04平米,南北,精装,中楼层(共18层),2011年,板楼
159,果园西小区南北通透    板楼  格局方正  大阳台,果园西小区 ,2室1厅,101.24平米,南北,精装,中楼层(共7层),2001年,板楼
160,3层全南向，明厨明卫，看房随时,慧忠里D区 ,1室1厅,46.71平米,南,精装,中楼层(共6层),1993年,板楼
161,南竺园三层边户客厅带窗户采光充足楼龄新1999年的房子,南竺园 ,2室1厅,60.73平米,南北东,其他,中楼层(共6层),null,板楼
162,泥洼路32号院 南北通透 小区干净整洁,泥洼路32号院 ,2室1厅,63.39平米,南北,简装,底层(共6层),1994年,板楼
163,金隅滨和园1号院 2室1厅 南,金隅滨和园1号院 ,2室1厅,68.22平米,南,精装,高楼层(共31层),2014年,板楼
164,新街口东街 南北两居室 不临街 中间楼层 只有契税,新街口东街 ,2室1厅,58.1平米,南北,简装,中楼层(共6层),1980年,板楼
165,安慧里二区 全明格局三居室 采光好视野好 满五年,安慧里二区 ,3室1厅,85.13平米,西南北,精装,中楼层(共25层),null,塔楼
166,甘露园 新上南北2居室 满五年唯一,甘露园南里 ,2室1厅,57.36平米,南北,简装,高楼层(共6层),1993年,板楼
167,西城 广外  手帕口四居室田字格  方方正正,手帕口北街 ,4室0厅,73.32平米,南北,简装,底层(共5层),null,板楼
168,安慧里二区 2室2厅 东南,安慧里二区 ,2室2厅,69.32平米,东南,精装,低楼层(共25层),1996年,塔楼
169,百荣嘉园 2室1厅 南 北,百荣嘉园 ,2室1厅,74.17平米,南北,简装,低楼层(共21层),null,板塔结合
170,京洲世家，正规两居室，电梯房，小区环境好,京洲世家 ,2室1厅,94.26平米,西南,精装,低楼层(共9层),null,板楼
171,精装修，户型方正，视野开阔，采光充足，业主诚心出售,长城溪溪小镇 ,2室1厅,82.99平米,南北,简装,底层(共1层),null,暂无数据
172,南三环 方庄桥 全南向 带电梯 一居室,方泽园 ,1室1厅,66.44平米,南,简装,中楼层(共12层),null,板楼
173,房子是东西两居，价位低，出行方便,三环新城7号院 ,2室1厅,80.19平米,东西北,精装,底层(共29层),null,板塔结合
174,宾阳北里 南北通透 精装修   中间楼层  采光好,宾阳北里 ,2室1厅,64.27平米,南北,简装,中楼层(共6层),null,板楼
175,东三环双井，南向落地窗，采光视野无遮挡。看房随时,苹果社区北区 ,1室0厅,64.1平米,南,精装,21层,null,塔楼
176,优士阁，双地铁7号线10号线双井站满五唯一,优士阁 ,3室1厅,141.85平米,西北,精装,高楼层(共30层),2004年,塔楼
177,珠江罗马嘉园西区 3室1厅 近地铁,珠江罗马嘉园西区 ,3室1厅,119.51平米,西南,简装,22层,2005年,板塔结合
178,知春里 中间楼层三居室 把边户型 随时看房,知春里 ,3室1厅,60.1平米,南西北,简装,低楼层(共6层),1987年,板楼
179,四合巷小区 3室1厅 南 北,四合巷小区 ,3室1厅,80.24平米,南北,简装,6层,1992年,板楼
180,此房满五年家庭唯一住房，业主诚心出售，价格还能商量,黄村中里 ,2室1厅,66.04平米,南,简装,中楼层(共6层),1993年,板楼
181,*联港嘉园D区” *文新南街272号院”,联港嘉园D区 ,2室1厅,88.8平米,西南北,精装,底层(共15层),2012年,塔楼
182,椿树馆 南北两居  靠谱出售  低楼层,车站东街15号院 ,2室1厅,53.08平米,南北,简装,底层(共6层),null,板楼
183,此房满五年 ，楼层好 南北通透，户型方正，交通便利,明珠花园 ,2室1厅,86.13平米,南北,精装,中楼层(共5层),null,暂无数据
184,凯盛家园 1室1厅 南 北,凯盛家园 ,1室1厅,59.56平米,南北,精装,中楼层(共15层),null,板塔结合
185,天通西苑一区南北通透四居室，带电梯,天通西苑一区 ,4室1厅,186.33平米,南北,简装,低楼层(共13层),2001年,板楼
186,兴琦家园 2005年小区 精装修 满五唯一,兴琦家园 ,1室1厅,40.47平米,北,精装,中楼层(共5层),null,板楼
187,京溪小区三期 2卫3居观景房 层高比楼下高10多公分,京溪小区 ,3室2厅,150.13平米,南北,精装,低楼层(共6层),2008年,板楼
188,2022年的新装修，有电梯 满五唯一，落地窗 户型方正,汇鸿家园 ,2室1厅,81.65平米,东南,精装,低楼层(共12层),2005年,板塔结合
189,兴丰家园纯南两居 带电梯 业主诚意出售,兴丰家园 ,2室1厅,75.02平米,南,精装,低楼层(共11层),null,板塔结合
190,车道沟南里 环境好 安静 小户型 方便出入,车道沟南里 ,1室1厅,36.9平米,东南,简装,底层(共21层),null,塔楼
191,向阳楼 前后无遮挡采光充足，看房方便 交通便利,向阳楼 ,2室1厅,52.65平米,南北,简装,中楼层(共6层),1980年,板楼
192,一层花园，正规两居室，南北双通透,西潞苑小区 ,2室1厅,94.97平米,南北,简装,底层(共6层),null,板楼
193,核桃园北里 南向一居室 低楼层,核桃园北里 ,1室1厅,45.69平米,南,简装,底层(共6层),1984年,板楼
194,清河 永泰庄地铁约800米 满五年 低层不爬楼 可自住,永泰庄6号院 ,1室1厅,48.4平米,南,简装,底层(共6层),null,板楼
195,二环内 70年 民水民电 有燃气 高楼层 视野开阔 俯瞰河,领行国际 ,1室1厅,62.22平米,北,毛坯,顶层(共21层),null,板塔结合
196,房子是南北通透的三居室，楼龄新，户型好,原新街 ,3室2厅,104.26平米,南北,精装,顶层(共6层),null,暂无数据
197,胜利里 低楼层三居 南北通透 看房方便 诚意出售,胜利里 ,3室1厅,55.11平米,南北,精装,中楼层(共4层),null,板楼
198,蒲安东里客厅带南窗的两居室，地铁5,14号线！,蒲安东里 ,2室1厅,62.54平米,东南,简装,顶层(共6层),null,板楼
199,长安家园商品房 高楼层视野好  距离地铁站385米,长安家园 ,2室2厅,93.28平米,东南,精装,28层,null,塔楼
200,清鑫家园，错层南北通透 好楼层业主诚意出售,清鑫家园 ,5室2厅,177.26平米,南北,其他,8层,null,塔楼
201,焦各庄街2号院 首套首付70万内 满五年唯一,焦各庄街2号院 ,2室1厅,86平米,西南,简装,中楼层(共11层),null,板塔结合
202,新源街小区 南北四居室 小区安静 居住舒适,新源街 ,4室1厅,79.96平米,南北,简装,中楼层(共6层),null,板楼
203,顺驰领海 新楼 南向三居室 高楼层采光好,顺驰领海 ,3室2厅,112.3平米,南,精装,高楼层(共15层),2011年,板楼
204,苹果园一区 钢混板楼 精装修 正规小两居 户型方正,苹果园小区一区 ,2室1厅,59.21平米,东西,精装,6层,null,板楼
205,满五唯一，南向采光好，高楼层，视野好,加州水郡三期 ,1室1厅,58.66平米,南,精装,中楼层(共15层),2009年,板楼
206,南四环，和义地铁，满五唯一，低楼层一居室,南苑北里三区 ,1室1厅,47.69平米,东,简装,底层(共6层),null,板楼
207,世界名园北区 南北通透2室2卫 精装修 有电梯 次顶层,世界名园北区 ,2室1厅,103.08平米,南北,精装,6层,2007年,板楼
208,远洋天地二期西南两居室业主急售,远洋天地二期 ,2室1厅,120.01平米,西南,简装,低楼层(共30层),2002年,塔楼
209,保利花园C区环境优美适合生活看房方便价格可聊,保利花园C区 ,2室1厅,90.63平米,南北,精装,顶层(共6层),2010年,板楼
210,南北西朝向 高楼层 采光好 业主诚心出售,首邑溪谷 ,3室1厅,124.32平米,西南北,毛坯,中楼层(共27层),2013年,板塔结合
211,和平街十三区煤科院南小区满五年唯一,和平街十三区 ,1室1厅,51.71平米,南,简装,中楼层(共9层),1994年,板塔结合
212,精装修，可拎包入住，正规2居室，看房方便,名佳花园一区 ,2室1厅,69.56平米,南北,精装,中楼层(共7层),2000年,板楼
213,满五唯一，板楼一梯两户，无遮挡，前后不临街,沿海赛洛城七期 ,2室1厅,87.95平米,南西西南,精装,低楼层(共7层),null,板楼
214,西罗园南里 南向一居室 高楼层采光好 生活方便,西罗园南里 ,1室1厅,42.8平米,南,简装,顶层(共6层),1992年,板楼
215,BOBO自由城 南北通透 板楼低楼层 上下楼方便 无遮挡,BOBO自由城 ,2室2厅,100.21平米,南北,精装,中楼层(共5层),2005年,板楼
216,广安苑一期 椿树馆街 广安门外南街 广安门外大街,广安苑一期 ,2室1厅,71.86平米,南北,精装,低楼层(共12层),null,板塔结合
217,业主诚心出售，南向正规一居，满五年唯一，,水木天成 ,1室1厅,69.26平米,南,精装,高楼层(共28层),null,塔楼
218,华远铭悦园  南北通透两居  客厅双面窗  中高层,华远铭悦园 ,2室1厅,75.07平米,南北,精装,28层,null,板楼
219,白石桥 央产大院 板楼有电梯 固定停车位,外文局宿舍 ,2室1厅,56.5平米,南北,简装,5层,1978年,板楼
220,核桃园北里 南向一居室 低楼层,核桃园北里 ,1室1厅,45.69平米,南,简装,底层(共6层),1984年,板楼
221,清河 永泰庄地铁约800米 满五年 低层不爬楼 可自住,永泰庄6号院 ,1室1厅,48.4平米,南,简装,底层(共6层),null,板楼
222,新源街小区 南北四居室 小区安静 居住舒适,新源街 ,4室1厅,79.96平米,南北,简装,中楼层(共6层),null,板楼
223,顺驰领海 新楼 南向三居室 高楼层采光好,顺驰领海 ,3室2厅,112.3平米,南,精装,高楼层(共15层),2011年,板楼
224,田家园小区正规两居室南北通透满五唯一,田家园小区 ,2室1厅,90.02平米,南北,精装,低楼层(共6层),2003年,板楼
225,此房满五唯一，高层视野好，业主靠谱卖，户型方正,嘉润花园 ,3室1厅,131.74平米,西,简装,高楼层(共30层),null,塔楼
226,城市绿洲花园  双明卫南北3居有车位  电梯洋房不临街,城市绿洲花园 ,3室2厅,136.85平米,南北,精装,高楼层(共9层),null,板楼
227,石佛营西里 99年钢混4层 精装修一居 带车位,石佛营西里小区 ,1室1厅,60.45平米,南北,精装,15层,null,板楼
228,华瀚福园D区 2室1厅 南,华瀚福园D区 ,2室1厅,65.24平米,南,简装,18层,null,板楼
229,枣园小区 南北通透 满五年唯一 精装修拎包入住,枣园小区 ,3室1厅,80.29平米,南北,精装,中楼层(共6层),1995年,板楼
230,总监推荐六铺炕小区有电梯次顶层西南朝向,六铺炕 ,2室1厅,61.61平米,西南,简装,高楼层(共16层),1992年,塔楼
231,7高家园五区 带客厅两居 组合贷27年 满五年唯一,高家园五区 ,2室1厅,59.04平米,南北,精装,中楼层(共6层),1994年,板楼
232,新于庄园，南北两居室，西边户，不临街,新于庄园 ,2室1厅,81.98平米,南北,精装,低楼层(共11层),null,板楼
233,天坛东门 南岗子 南北三居 高楼层 采光视野好,南岗子 ,3室1厅,68.71平米,南北,简装,顶层(共6层),1981年,板楼
234,此房满五年家庭唯一住房，业主诚心出售，价格还能商量,黄村中里 ,2室1厅,66.04平米,南,简装,中楼层(共6层),1993年,板楼
235,北影小区 2000年钢混板楼 南北通透 南向客厅落地飘窗,北影小区 ,3室1厅,114.91平米,南北,简装,低楼层(共12层),null,塔楼
236,正规两居带客厅，另有8.2平阳台，商品房满五唯一,东大街西里 ,2室1厅,53.3平米,东西,毛坯,底层(共6层),null,板楼
237,北郊南北通透南向明厅业主自住精装修免费停车集中供暖,北郊农场宿舍 ,2室1厅,79.81平米,南北,精装,高楼层(共6层),1995年,板楼
238,，南北通透，小区城建开发长城物业。带有车位 6号线,定福家园2号院 ,3室2厅,113平米,南北,精装,低楼层(共11层),null,板楼
239,翠林漫步南北通透三居室，满五年唯一，三面朝阳采光好,翠林漫步 ,3室2厅,144.72平米,南北,精装,低楼层(共11层),2012年,板楼
240,满五年唯一南北通透前方视野无遮挡，适合一家人,潞潮佳苑 ,2室1厅,66.62平米,南北,精装,低楼层(共6层),2003年,板楼
241,南北通透，二居室，中间楼层，户型方正,燕城苑南区 ,2室1厅,69.72平米,南北,简装,6层,null,板楼
242,联排中间户，不临街，业主基础装修已做好,新世界丽樽 ,4室2厅,422.56平米,北南,毛坯,3层,null,板楼
243,和平街十三区煤科院南小区满五年唯一,和平街十三区 ,1室1厅,51.71平米,南,简装,中楼层(共9层),1994年,板塔结合
244,富力惠兰美居  精装一居  临近三甲医疗  有公园,富力惠兰美居 ,1室1厅,46.32平米,西,简装,低楼层(共28层),null,板塔结合
245,地铁广阳城站 6层洋房 邑上公馆小区 满五唯一诚心出售,邑上公馆 ,2室2厅,83.09平米,南北,精装,低楼层(共6层),2014年,板楼
246,满五年唯一 南北通透 篱笆房地铁 长阳地铁 精装修,首创新悦都二区 ,2室2厅,75.49平米,南北,精装,低楼层(共18层),null,板楼
247,化工大院 2室1厅 南,化工大院 ,2室1厅,62.39平米,南,简装,中楼层(共5层),1988年,板楼
248,金色漫香郡低密度花园洋房经典两居室诚心出售,金色漫香郡北区 ,2室2厅,92.65平米,南北,简装,低楼层(共6层),null,板楼
249,南大街 1室1厅 北,南大街 ,1室1厅,43.54平米,北,其他,中楼层(共6层),1996年,板楼
250,胜利里 低楼层三居 南北通透 看房方便 诚意出售,胜利里 ,3室1厅,55.11平米,南北,精装,中楼层(共4层),null,板楼
251,蒲安东里客厅带南窗的两居室，地铁5,14号线！,蒲安东里 ,2室1厅,62.54平米,东南,简装,顶层(共6层),null,板楼
252,车道沟南里 环境好 安静 小户型 方便出入,车道沟南里 ,1室1厅,36.9平米,东南,简装,底层(共21层),null,塔楼
253,在水一方 3室2厅 南 北,在水一方 ,3室2厅,140.18平米,南北,精装,高楼层(共12层),2004年,板楼
254,2022年的新装修，有电梯 满五唯一，落地窗 户型方正,汇鸿家园 ,2室1厅,81.65平米,东南,精装,低楼层(共12层),2005年,板塔结合
255,将府家园北里 将府公园旁  普宅三居,将府家园 ,3室2厅,141.45平米,西南北,简装,高楼层(共20层),2004年,塔楼
256,店长推荐建新北区北三社区二层满五唯一南北通透,建新北区 ,2室1厅,61.92平米,南北,简装,6层,1990年,板楼
257,沿湖小区 3室2厅 南 北,沿湖小区 ,3室2厅,121.51平米,南北,简装,顶层(共6层),null,板楼
258,云龙家园三居室 低楼层 可以随时看房 满五年唯一,云龙家园 ,3室1厅,118.84平米,南北,精装,低楼层(共6层),null,板楼
259,奥森公园旁 南北通透1居室 低密板楼社区,学士居 ,1室1厅,54.27平米,南北,精装,底层(共5层),null,板楼
260,鹿海园一里全南一居室，业主诚意出售。,鹿海园一里 ,1室1厅,58.12平米,南,精装,顶层(共6层),2005年,板楼
261,房子是东西两居，价位低，出行方便,三环新城7号院 ,2室1厅,80.19平米,东西北,精装,底层(共29层),null,板塔结合
262,此房满五年 ，楼层好 南北通透，户型方正，交通便利,明珠花园 ,2室1厅,86.13平米,南北,精装,中楼层(共5层),null,暂无数据
263,四环边，近地铁，精装修，南北通透，满五年唯一,富丰路8号院 ,2室1厅,74.59平米,南北,精装,中楼层(共6层),null,板楼
264,大柳树13号院 1995年楼龄 停车方便 不临街,大柳树13号院 ,2室1厅,65.31平米,南北,精装,底层(共6层),null,板楼
265,香悦四季 满五年 南北通透三居室 精装修 中高楼层,香悦四季西区 ,3室2厅,121.05平米,南北,精装,高楼层(共15层),2013年,板楼
266,保利花园C区环境优美适合生活看房方便价格可聊,保利花园C区 ,2室1厅,90.63平米,南北,精装,顶层(共6层),2010年,板楼
267,瑞都公园世家南区 南北通透 大两居 业主诚售,瑞都公园世家南区 ,2室1厅,94.38平米,南北,精装,高楼层(共15层),2007年,板楼
268,带电梯 正规朝南两居室 距离地铁15号线顺义站A口350米,幸福西区 ,2室1厅,72.32平米,南,简装,24层,null,板塔结合
269,远洋天地二期西南两居室业主急售,远洋天地二期 ,2室1厅,120.01平米,西南,简装,低楼层(共30层),2002年,塔楼
270,南北西朝向 高楼层 采光好 业主诚心出售,首邑溪谷 ,3室1厅,124.32平米,西南北,毛坯,中楼层(共27层),2013年,板塔结合
271,知春里 中间楼层三居室 把边户型 随时看房,知春里 ,3室1厅,60.1平米,南西北,简装,低楼层(共6层),1987年,板楼
272,安慧里二区 2室2厅 东南,安慧里二区 ,2室2厅,69.32平米,东南,精装,低楼层(共25层),1996年,塔楼
273,西坝河中里 2室1厅 西南 西北,西坝河中里 ,2室1厅,60.77平米,西南西北,简装,底层(共22层),1987年,塔楼
274,带电梯 正规朝南两居室 距离地铁15号线顺义站A口350米,幸福西区 ,2室1厅,72.32平米,南,简装,24层,null,板塔结合
275,香悦四季 满五年 南北通透三居室 精装修 中高楼层,香悦四季西区 ,3室2厅,121.05平米,南北,精装,高楼层(共15层),2013年,板楼
276,皓月园 2室1厅 南 东,皓月园 ,2室1厅,62.63平米,南东,简装,低楼层(共14层),2006年,板塔结合
277,冠城名敦道A区 东城区 2009年建成 双地铁,冠城名敦道A区 ,1室1厅,68.68平米,西,精装,中楼层(共23层),2009年,塔楼
278,宾阳北里 南北通透 精装修   中间楼层  采光好,宾阳北里 ,2室1厅,64.27平米,南北,简装,中楼层(共6层),null,板楼
279,南三环 方庄桥 全南向 带电梯 一居室,方泽园 ,1室1厅,66.44平米,南,简装,中楼层(共12层),null,板楼
280,富力惠兰美居  精装一居  临近三甲医疗  有公园,富力惠兰美居 ,1室1厅,46.32平米,西,简装,低楼层(共28层),null,板塔结合
281,满五年唯一 南北通透 篱笆房地铁 长阳地铁 精装修,首创新悦都二区 ,2室2厅,75.49平米,南北,精装,低楼层(共18层),null,板楼
282,天坛东门 南岗子 南北三居 高楼层 采光视野好,南岗子 ,3室1厅,68.71平米,南北,简装,顶层(共6层),1981年,板楼
283,东三环双井，南向落地窗，采光视野无遮挡。看房随时,苹果社区北区 ,1室0厅,64.1平米,南,精装,21层,null,塔楼
284,北影小区南北通透带明厅户型方正,北影小区 ,2室1厅,71.47平米,南北,简装,底层(共5层),1999年,板楼
285,南北三居室，业主诚心出售，满五年唯一住房，,华龙小区 ,3室2厅,137.44平米,南北,简装,高楼层(共6层),1996年,板楼
286,此房满五年家庭唯一住房，业主诚心出售，价格还能商量,黄村中里 ,2室1厅,66.04平米,南,简装,中楼层(共6层),1993年,板楼
287,远大园三区 园区不临街中间楼层，南北通透采光好,远大园三区 ,2室2厅,132.31平米,南北,精装,中楼层(共14层),2001年,板楼
288,紫南家园 精装一居室 西南朝向 好楼层,紫南家园 ,1室1厅,60.91平米,西南,精装,低楼层(共6层),null,板楼
289,东城二环内田字格三居，新改造小区，楼下就是公园地铁,天坛东里中区 ,3室1厅,64.47平米,南北,精装,中楼层(共5层),null,板楼
290,矩阵二期 电梯小户型 商满五唯一,矩阵二期 ,1室0厅,34.65平米,西北,简装,中楼层(共11层),null,板塔结合
291,海格国际 1室1厅 东南,海格国际 ,1室1厅,59.27平米,东南,精装,中楼层(共19层),2005年,塔楼
292,上地东里全明三居，满五年唯一，户型方正，居住舒适！,上地东里 ,3室1厅,73.6平米,东南北,精装,高楼层(共6层),null,板楼
293,八角游乐园旁小区精装修南北两室一厅，户型好。,八角南里 ,2室1厅,59.04平米,南北,精装,中楼层(共6层),1993年,板楼
294,泽杰丽景2008年商品房，正规2居室,南环里 ,2室1厅,62.6平米,南北,简装,6层,null,板楼
295,花园社区逸成东苑 东南向1居 采光好 不遮挡 价格低,逸成东苑 ,1室1厅,54.68平米,东南,简装,22层,2003年,塔楼
296,单价6万，四居室，近地铁口，清华东路27号院,清华东路27号院 ,4室2厅,125.31平米,南北,精装,高楼层(共7层),null,板楼
297,满五年唯一，双地铁，有个两个大公园,兴琦家园 ,1室0厅,46.21平米,北,精装,顶层(共6层),null,板楼
298,东城和平里 小黄庄一区 东南向一室一厅 新改造楼栋,小黄庄一区 ,1室1厅,44.18平米,东南,精装,顶层(共6层),null,板楼
299,南四环 久敬佳园三区 钢混结构 南侧视野很好,久敬佳园三区 ,2室1厅,94.69平米,南北,简装,中楼层(共6层),2005年,板楼
300,海棠湾一期 西向无遮挡 高楼层 满五唯一 视野开阔,海棠湾一期 ,1室0厅,46.67平米,西,精装,高楼层(共27层),2010年,塔楼
301,工体中间楼层田字格三居室,南北通透,采光好,幸福二村 ,3室1厅,68.67平米,南北,精装,中楼层(共6层),1982年,板楼
302,安慧里二区 一室两厅  五年一套 采光好 诚意卖,安慧里二区 ,1室2厅,50.64平米,西,精装,低楼层(共25层),1990年,塔楼
303,通州北关6号线 一居室 采光无遮挡 楼层好,富力惠兰美居 ,1室1厅,46.1平米,东,简装,中楼层(共28层),2015年,板塔结合
304,广安苑一期 椿树馆街 广安门外南街 广安门外大街,广安苑一期 ,2室1厅,71.86平米,南北,精装,低楼层(共12层),null,板塔结合
305,满五唯一，板楼一梯两户，无遮挡，前后不临街,沿海赛洛城七期 ,2室1厅,87.95平米,南西西南,精装,低楼层(共7层),null,板楼
306,华瀚福园D区 2室1厅 南,华瀚福园D区 ,2室1厅,65.24平米,南,简装,18层,null,板楼
307,精装修，可拎包入住，正规2居室，看房方便,名佳花园一区 ,2室1厅,69.56平米,南北,精装,中楼层(共7层),2000年,板楼
308,华采嘉园小区环境好南北通透三居室停车方便,华采嘉园 ,3室1厅,154.29平米,南北,精装,10层,null,板楼
309,西罗园南里 南向一居室 高楼层采光好 生活方便,西罗园南里 ,1室1厅,42.8平米,南,简装,顶层(共6层),1992年,板楼
310,BOBO自由城 南北通透 板楼低楼层 上下楼方便 无遮挡,BOBO自由城 ,2室2厅,100.21平米,南北,精装,中楼层(共5层),2005年,板楼
311,亚林西居住区8号院 低楼层 密度低,亚林西居住区8号院 ,2室1厅,88.17平米,南,简装,26层,null,板楼
312,总监推荐六铺炕小区有电梯次顶层西南朝向,六铺炕 ,2室1厅,61.61平米,西南,简装,高楼层(共16层),1992年,塔楼
313,翠林漫步南北通透三居室，满五年唯一，三面朝阳采光好,翠林漫步 ,3室2厅,144.72平米,南北,精装,低楼层(共11层),2012年,板楼
314,双桥五号井 南北三居室 户型方正 采光充足,双桥五号井 ,3室1厅,67平米,南北,简装,中楼层(共4层),1981年,板楼
315,满五年唯一南北通透前方视野无遮挡，适合一家人,潞潮佳苑 ,2室1厅,66.62平米,南北,精装,低楼层(共6层),2003年,板楼
316,首开国风美唐二期 2室1厅 南 北,首开国风美唐二期 ,2室1厅,76.22平米,南北,简装,18层,null,板楼
317,南大街 1室1厅 北,南大街 ,1室1厅,43.54平米,北,其他,中楼层(共6层),1996年,板楼
318,腾龙家园三区 2室1厅 南 北,腾龙家园三区 ,2室1厅,105.28平米,南北,简装,低楼层(共10层),null,板楼
319,燕保祈东家园二期， 南北通透 明厨明卫，阳台两居,燕保祈东家园二期 ,2室1厅,80.55平米,南北,精装,中楼层(共28层),2021年,板楼
320,化工大院 2室1厅 南,化工大院 ,2室1厅,62.39平米,南,简装,中楼层(共5层),1988年,板楼
321,北影小区 2000年钢混板楼 南北通透 南向客厅落地飘窗,北影小区 ,3室1厅,114.91平米,南北,简装,低楼层(共12层),null,塔楼
322,美丽星苑 慈寿寺 海淀五路居  精装修 复式随时签约,美丽星苑 ,3室1厅,134.17平米,东南北,精装,高楼层(共10层),2007年,板塔结合
323,万科青青家园 2室1厅 南 北,万科青青家园 ,2室1厅,94.46平米,南北,简装,高楼层(共9层),null,板楼
324,东二环 潘家园 正规一居室 1998年 满五年 户型方正,潘家园小区 ,1室1厅,43.54平米,东,精装,高楼层(共6层),null,板楼
325,东城区广渠门满五唯一 正规一居室,广渠家园 ,1室1厅,51.27平米,东,精装,高楼层(共29层),null,板塔结合
326,鹿港嘉苑西南北三居室业主靠谱出售,鹿港嘉苑 ,3室2厅,147.1平米,西南北,精装,中楼层(共23层),null,塔楼
327,八里庄西里 把边户型 带明窗 南北两居室，满五年诚售,八里庄西里 ,2室1厅,54.29平米,南北西,简装,高楼层(共6层),1983年,板楼
328,2005年商品房 高楼层70年住宅产权两居室 视野好,gogo新世代 ,2室1厅,57.79平米,北,简装,高楼层(共23层),2005年,塔楼
329,和悦居次新房，带电梯，正规两居室,和悦居10号院 ,2室1厅,81.87平米,南北,简装,高楼层(共14层),null,板楼
330,腾龙家园二区 3室2厅 南 北,腾龙家园二区 ,3室2厅,123.97平米,南北,精装,6层,2011年,板楼
331,白纸坊西街、 此房满五年，电梯直达、3居室、精装修,白纸坊西街 ,3室1厅,76.32平米,西北,精装,低楼层(共16层),1982年,塔楼
332,精装修，南北通透，全明格局，居住舒适,南沙滩小区 ,2室1厅,54.98平米,南北,精装,低楼层(共6层),null,板楼
333,智能家居 30万精装修 拎包入住 小区中间位置 安静,金明园 ,2室1厅,85.48平米,南北,精装,高楼层(共6层),2004年,板楼
334,2010年 满五唯一 只有契税 近地铁 电梯高层  精装修,前进花园牡丹苑 ,2室1厅,93.16平米,南北,精装,中楼层(共11层),null,板塔结合
335,瑞雪春堂 南北向 中间楼层 视野开阔 只有契税,瑞雪春堂 ,2室1厅,90.09平米,南北,简装,中楼层(共15层),null,板楼
336,三环边小区，南北通透两居，采光视野无遮挡,横一条 ,2室1厅,55.6平米,南北,简装,低楼层(共6层),null,板楼
337,此房为商品房，东三法式园电梯三居室，采光好，朝向好,天通苑东三区 ,3室1厅,157.16平米,西南,简装,低楼层(共20层),2003年,塔楼
338,新华街一里 2层 9号线地铁口 满五唯一 随时签约,新华街一里 ,3室1厅,68.72平米,南北,简装,低楼层(共6层),null,板楼
339,满五唯一，看房随时，签约随时。,水郡长安 ,3室1厅,148.34平米,东南南,简装,20层,null,板塔结合
340,西坝河东里广场塔楼，安静不临街，正南朝向,西坝河东里 ,2室1厅,61.99平米,南,简装,中楼层(共18层),null,塔楼
341,西苑100号南一院 南北通透 楼层适中,中信所小区 ,2室1厅,63.5平米,南北,精装,4层,1997年,板楼
342,西斯莱公馆 南北大两居  楼层好,新里西斯莱公馆 ,2室1厅,97.25平米,南北,精装,中楼层(共12层),null,板楼
343,秋实家园南北通透中间楼层视野开阔无遮挡,秋实家园 ,2室2厅,92.09平米,南北,简装,中楼层(共6层),2000年,板楼
344,松榆西里三居室，南北通透，精装修，全明格局，近地铁,松榆西里 ,3室1厅,66.03平米,南北东,精装,高楼层(共6层),1987年,板楼
345,惠民家园二区 带电梯 正南朝向 满五唯一 业主诚心出售,惠民家园二区 ,2室1厅,62.91平米,南,精装,低楼层(共21层),null,板楼
346,房子是满五唯一的低楼层南北通透三居室外地车牌不限行,秋实家园 ,3室1厅,74.05平米,南北,简装,底层(共5层),1993年,板楼
347,高层观景 地铁15号线北沙滩 满五唯一 近鸟巢 有车位,华源冠军城 ,1室0厅,43.09平米,东北,简装,高楼层(共23层),null,塔楼
348,东城 天坛东门 西四块玉 东向两居室 3层 层高3米,西四块玉 ,2室1厅,64.62平米,东西,简装,中楼层(共6层),null,板楼
349,精装修 南北通透两居室 满五唯一  中间楼层  有车位,方南家园一期 ,2室1厅,68.37平米,南北,精装,中楼层(共6层),null,板楼
350,惠景新苑 南向两居室 高楼层  视野好 采光充足,惠景新苑 ,2室1厅,72.59平米,南,精装,顶层(共21层),2017年,塔楼
351,万科精装三居室三阳开泰户型，南北通透，业主诚意出售,万科城市花园 ,3室2厅,162.22平米,南北,精装,中楼层(共5层),1997年,板楼
352,惊喜好房  高楼层 全明格局  南北通透,天裕昕园西区 ,1室1厅,55.41平米,南北,简装,高楼层(共18层),null,板楼
353,黑山东街 1室1厅 南 北,黑山东街 ,1室1厅,38.75平米,南北,简装,低楼层(共6层),1980年,板楼
354,柏阳景园A区小两居利用率高，房子状况好可拎包入住,柏阳景园A区 ,2室1厅,53.15平米,南,精装,中楼层(共6层),null,板楼
355,周家庄中路19号院 正规南向一居室 精装修,周家庄中路19号院 ,1室1厅,55.55平米,南,精装,低楼层(共25层),2014年,塔楼
356,向阳楼小区 出行方便 户型方正 周边配套齐全,向阳楼 ,2室1厅,46.29平米,南北,简装,中楼层(共5层),1970年,板楼
357,此房无遮挡 视野开阔 南北通透 采光充足,蓝河湾 ,3室2厅,132.76平米,南北,简装,11层,null,板塔结合
358,国兴城  带电梯   南向一居室  诚意出售,国兴城 ,1室1厅,70.36平米,南,精装,13层,2016年,板楼
359,远中悦麒 2006年商品房 南向一居 精装修,远中悦麒 ,1室1厅,49.72平米,南,精装,中楼层(共24层),null,塔楼
360,月季园小区，南向两居室，双卫户型,月季园 ,2室1厅,99.56平米,南,精装,低楼层(共27层),null,板塔结合
361,龙德紫金 两个窗户对花园 高楼层视野开阔 可注册办公,龙德紫金 ,1室1厅,58.55平米,西,精装,高楼层(共12层),null,板塔结合
362,沙土山街 1室0厅 西,沙土山街 ,1室0厅,11.66平米,西,简装,1层,2019年,平房
363,商品房只有契税 精装没住过人 正对小区花园  景观好,通惠家园 ,2室1厅,80.16平米,西南,精装,28层,2001年,塔楼
364,全明格局 户型方正 正规一居室,时间国际 ,1室1厅,74.23平米,东北,简装,低楼层(共12层),2005年,板塔结合
365,东城 和平里 安贞苑50号院 1996年 电信家属院,安贞苑50号院 ,1室1厅,47.6平米,南北,精装,顶层(共6层),null,板楼
366,果园西小区南北通透    板楼  格局方正  大阳台,果园西小区 ,2室1厅,101.24平米,南北,精装,中楼层(共7层),2001年,板楼
367,金隅畅和园9号院 1室1厅 南,金隅畅和园9号院 ,1室1厅,65.35平米,南,精装,高楼层(共22层),2016年,板塔结合
368,康泽佳苑南区 满五唯一 商品房 采光好,康泽佳苑南区 ,2室1厅,53.96平米,南北,毛坯,18层,2014年,板楼
369,世茂维拉 1室1厅 南,世茂维拉 ,1室1厅,57.61平米,南,精装,中楼层(共16层),2015年,板塔结合
370,单价6万，四居室，近地铁口，清华东路27号院,清华东路27号院 ,4室2厅,125.31平米,南北,精装,高楼层(共7层),null,板楼
371,远大园三区 园区不临街中间楼层，南北通透采光好,远大园三区 ,2室2厅,132.31平米,南北,精装,中楼层(共14层),2001年,板楼
372,高层观景 地铁15号线北沙滩 满五唯一 近鸟巢 有车位,华源冠军城 ,1室0厅,43.09平米,东北,简装,高楼层(共23层),null,塔楼
373,东城 天坛东门 西四块玉 东向两居室 3层 层高3米,西四块玉 ,2室1厅,64.62平米,东西,简装,中楼层(共6层),null,板楼
374,惠景新苑 南向两居室 高楼层  视野好 采光充足,惠景新苑 ,2室1厅,72.59平米,南,精装,顶层(共21层),2017年,塔楼
375,精装修 南北通透两居室 满五唯一  中间楼层  有车位,方南家园一期 ,2室1厅,68.37平米,南北,精装,中楼层(共6层),null,板楼
376,秋实家园南北通透中间楼层视野开阔无遮挡,秋实家园 ,2室2厅,92.09平米,南北,简装,中楼层(共6层),2000年,板楼
377,翡翠四季B区三居室，南北通透大厨房,翡翠四季B区 ,3室2厅,128.27平米,南北,其他,高楼层(共9层),null,板楼
378,魏公村 私摩空间 2004年建成 房龄新 有电梯 精装户型,私摩空间 ,1室1厅,45.62平米,北,精装,高楼层(共15层),2004年,板塔结合
379,南北通透，养房成本低，居住舒适，视野好,枫露花园 ,2室1厅,88.94平米,南北,简装,高楼层(共6层),1996年,板楼
380,裕龙花园五区，满五唯一，有车位，大3居2卫,裕龙五区 ,3室1厅,151.89平米,南北,简装,低楼层(共20层),2004年,板塔结合
381,精装修，南北通透，全明格局，居住舒适,南沙滩小区 ,2室1厅,54.98平米,南北,精装,低楼层(共6层),null,板楼
382,2010年 满五唯一 只有契税 近地铁 电梯高层  精装修,前进花园牡丹苑 ,2室1厅,93.16平米,南北,精装,中楼层(共11层),null,板塔结合
383,智能家居 30万精装修 拎包入住 小区中间位置 安静,金明园 ,2室1厅,85.48平米,南北,精装,高楼层(共6层),2004年,板楼
384,带地下储藏室，电梯板楼中间层，南北通透全明格局！,领秀慧谷D区 ,2室2厅,89.05平米,南北,精装,中楼层(共11层),null,板楼
385,房子是满五唯一的低楼层南北通透三居室外地车牌不限行,秋实家园 ,3室1厅,74.05平米,南北,简装,底层(共5层),1993年,板楼
386,长阳半岛怡和南路10号院 南北双通透三居 私密性好,长阳半岛怡和南路10号院 ,3室2厅,120.63平米,南北,精装,中楼层(共15层),2015年,板楼
387,八角游乐园旁小区精装修南北两室一厅，户型好。,八角南里 ,2室1厅,59.04平米,南北,精装,中楼层(共6层),1993年,板楼
388,北京市电力建设公司良乡社区体育场26号院,体育场路26号院 ,2室1厅,59.06平米,南北,简装,中楼层(共6层),1989年,板楼
389,高层观景 南北通透双阳台明厨明卫 看房方便,加州水郡三期 ,2室1厅,87.26平米,南北,精装,高楼层(共15层),null,板楼
390,矩阵二期 电梯小户型 商满五唯一,矩阵二期 ,1室0厅,34.65平米,西北,简装,中楼层(共11层),null,板塔结合
391,加州水郡四期 西南朝向 满五唯一 双阳台双飘窗,加州水郡四期 ,2室1厅,89.21平米,西南,精装,中楼层(共14层),2011年,塔楼
392,行宫园 2室1厅 南 北,行宫园 ,2室1厅,95.79平米,南北,简装,13层,2000年,板塔结合
393,怡然世家 南向一居 满五唯一 楼层好采光好 精装修,怡然世家 ,1室1厅,52.11平米,南,精装,28层,null,板塔结合
394,万源南里 2室1厅 南 北,万源南里 ,2室1厅,54.5平米,南北,其他,低楼层(共6层),null,板楼
395,外交部家属楼 东南两居 中间楼层 采光视野好,吉祥里西区 ,2室1厅,67.06平米,东南,精装,中楼层(共19层),1994年,塔楼
396,东恒时代二期 无遮挡，无户口，满五唯一,东恒时代二期 ,2室1厅,90.33平米,南,精装,高楼层(共16层),2005年,板楼
397,独门独户 全明格局 满五唯一 高层视野好；,凤凰城三期 ,2室1厅,115.8平米,东西,精装,中楼层(共31层),null,板塔结合
398,西现代城南北两居 两卫 落地窗 近地铁,西现代城 ,2室2厅,120.04平米,南北,简装,中楼层(共18层),2005年,板塔结合
399,彩虹新城 满五唯一 采光不受影响 诚心出售,彩虹新城 ,2室1厅,87.68平米,南北,简装,低楼层(共18层),null,板楼
400,胜古南里 电梯东南两居室 高楼层视野好,胜古南里 ,2室1厅,56.97平米,东南,简装,中楼层(共16层),1987年,塔楼
401,西城马连道  全南两居室  中间楼层，格局方正,瑞莲家园 ,2室2厅,93.05平米,南,简装,低楼层(共24层),null,塔楼
402,次顶层三居  博洛尼装修  采光无遮挡  低密度洋房,A派公寓 ,3室2厅,138.91平米,南北,精装,高楼层(共9层),null,板楼
403,南沙滩和谐小区精装南北通透小两居,南沙滩小区 ,2室1厅,61.96平米,南北,精装,顶层(共6层),null,板楼
404,东城区，满五年，有电梯，观景好，采光好，随时可看,工体北路 ,2室1厅,64.67平米,东北,简装,中楼层(共16层),null,塔楼
405,门头沟区惠泽家园集中供暖南北通透精装两居,惠泽家园 ,2室1厅,81.84平米,南北,精装,顶层(共6层),2010年,板楼
406,全南两居室，户型方正，采光很好，诚心出售,隆恩寺18号院 ,2室1厅,50.99平米,南,简装,高楼层(共6层),1987年,板楼
407,通州区 怡然世家 满五年唯一 配套齐全,怡然世家 ,2室1厅,70.3平米,南,精装,28层,null,板楼
408,安德里北街24号院 2室1厅 南 北,安德里北街24号院 ,2室1厅,55.21平米,南北,精装,高楼层(共6层),1987年,板楼
409,政泰家园 西城区 2004年小区 落地窗,政泰家园 ,2室1厅,75.8平米,西,简装,低楼层(共22层),2004年,板塔结合
410,安交板块 二环内 东公街 精装修 内置二层全新家具家电,东公街 ,1室0厅,16.3平米,南,精装,底层(共1层),null,平房
411,昌平宽街 2室1厅 南,昌平宽街 ,2室1厅,62.67平米,南,简装,低楼层(共6层),null,板楼
412,弘燕路小区     南向两居室,弘燕路小区 ,2室1厅,70.43平米,南,精装,中楼层(共6层),1997年,板楼
413,保利罗兰香谷，精装三居室，南北通透，采光充足无遮挡,保利罗兰香谷 ,3室1厅,91.35平米,南北,精装,低楼层(共17层),null,板楼
414,森林大第 中间楼层双卫三居室 采光视野好,森林大第 ,3室2厅,126.38平米,南北,精装,中楼层(共6层),2003年,板楼
415,东南两居室 边户型无遮挡 看房有钥匙 满五年一商品房,通惠家园 ,2室1厅,86.39平米,东南,简装,28层,2001年,板塔结合
416,动物园宿舍 2室1厅 南 北,动物园宿舍 ,2室1厅,57.19平米,南北,简装,高楼层(共6层),null,板楼
417,出小区就是地铁褡裢坡站，要近地铁两居的来，06年房,定福家园3号院 ,2室1厅,61.58平米,东北,简装,底层(共12层),null,板楼
418,红联村3号院 南北向三居室 双南一北 高楼层视野开阔,红联村3号院 ,3室1厅,69.75平米,南北,简装,顶层(共6层),null,板楼
419,开利园小区，南北通透，顶层，采光好,开利园小区 ,3室1厅,117.31平米,南北,简装,6层,null,板楼
420,海淀2004年建成，碧森里，电梯房，人车分流，电梯入户,碧森里 ,3室2厅,132.33平米,南北,简装,低楼层(共9层),null,板楼
421,西苑100号南一院 南北通透 楼层适中,中信所小区 ,2室1厅,63.5平米,南北,精装,4层,1997年,板楼
422,临近地铁精装电梯一居室诚心售卖,枣园尚城南区 ,1室1厅,61.79平米,南,精装,顶层(共17层),2012年,板楼
423,宋家庄家园三区，商品房，高楼层，不临街,宋家庄家园三区 ,2室1厅,67.89平米,东南,精装,中楼层(共29层),2011年,塔楼
424,西坝河东里广场塔楼，安静不临街，正南朝向,西坝河东里 ,2室1厅,61.99平米,南,简装,中楼层(共18层),null,塔楼
425,满五唯一新上东向2居观小区花园，高层采光好。,保利金泉 ,2室1厅,98.19平米,东,精装,中楼层(共30层),2008年,塔楼
426,八里庄北里 南北通透 主力户型 两居室,八里庄北里 ,2室1厅,57.97平米,南北,精装,低楼层(共6层),1989年,板楼
427,正规二居全明格局满五唯一 中间,西上园二区 ,2室1厅,85.84平米,南北,精装,高楼层(共6层),2002年,板楼
428,石园南区 明厨明卫 南北通透 满五年唯一 诚心出售,石园南区 ,2室1厅,85.69平米,南北,简装,顶层(共6层),1993年,板楼
429,广安门外车站东街 2室1厅 南 北,广安门外车站东街 ,2室1厅,50.92平米,南北,简装,底层(共5层),1980年,板楼
430,阳光城君山墅，是你成公人生，不需此生的标准,阳光城君山墅 ,4室2厅,383.44平米,南北,毛坯,2层,2010年,板楼
431,四环内朝阳区 南北小三居 双地铁环绕,中海城香克林 ,3室1厅,100.1平米,南北,精装,10层,null,板楼
432,龙湖香醍溪岸北区 精装修 看房方便 诚心出售,龙湖香醍溪岸北区 ,3室1厅,137.26平米,南北,精装,中楼层(共8层),2011年,板楼
433,此房满五年唯一，户型双通透，小区主力经典两居户型,北京人家 ,2室2厅,94.68平米,南北,精装,6层,2006年,板楼
434,总监推荐 和平家园   两居室 南北通透,和平家园小区 ,2室1厅,89.38平米,南北,精装,低楼层(共12层),null,板楼
435,店长推荐，富力桃园，满五唯一，位置安静，看房随时,富力桃园A区 ,2室1厅,89.49平米,东南,精装,顶层(共20层),null,塔楼
436,电建南院低楼层 精装修两居 南北通透 诚心出售,电建南院 ,2室1厅,69.13平米,南北,精装,底层(共6层),1999年,板楼
437,西直门 交大南门上园村 南北三居,上园村 ,3室1厅,64平米,南北,精装,底层(共6层),1983年,板楼
438,公园式社区保利茉莉公馆精装南北通透两居,保利茉莉公馆 ,2室1厅,88.64平米,南北,精装,27层,2011年,板楼
439,近1号线双桥站 南北通透 全明格局 双阳台 满五年唯一,双柳巷 ,2室1厅,70.32平米,南北,精装,高楼层(共6层),null,板楼
440,金隅泰和园 交通方便 视野好 采光好,金隅泰和园 ,2室1厅,81.29平米,南,精装,28层,2013年,板塔结合
441,雅成一里 商品房 精装高层 配套全 业主诚意出售,雅成一里 ,2室1厅,86.7平米,西,精装,25层,2001年,塔楼
442,板桥南街8号院 2室2厅 南 北,板桥南街8号院 ,2室2厅,81.7平米,南北,简装,中楼层(共11层),null,板楼
443,富力华庭苑西区南北通透精装修下跃户型,富力华庭苑西区 ,4室2厅,161.02平米,南北,精装,底层(共8层),2013年,板楼
444,佟馨家园A区   高楼层  南北通透,佟馨家园A区 ,2室1厅,79.64平米,南北,简装,高楼层(共18层),null,板楼
445,矿建街268号院，2003年建成,矿建街268号院 ,2室1厅,88.32平米,南北,简装,中楼层(共4层),2004年,板楼
446,满五年家庭就这一套住房，精装修，西向，有阳台,长城国际 ,1室0厅,48.51平米,西,精装,20层,2009年,塔楼
447,满五唯一 2019年全屋精装修 后排安静 无遮挡,壹线国际 ,2室2厅,119.04平米,东西,精装,中楼层(共9层),null,板塔结合
448,通州北关商务区 万福家园 南北两居室,万福家园 ,2室2厅,96.02平米,南北,简装,中楼层(共6层),null,板楼
449,马连洼天秀花园安和园，天秀花园,天秀花园安和园 ,2室1厅,84.15平米,东西,精装,顶层(共6层),null,板楼
450,南客厅 次顶层  户型紧凑  满五唯一 精装修 随时入住,泷悦•长安剑桥园 ,3室1厅,89.71平米,南,精装,28层,2016年,板楼
451,2003年小区70年住宅 楼下华堂  地铁惠新西街北口200米,千鹤家园 ,2室1厅,104.7平米,北,其他,低楼层(共25层),null,板塔结合
452,新上房源 商品房满五唯一 南北三居室  精装修 位置好,天通苑北一区 ,3室1厅,141.53平米,南北,精装,低楼层(共12层),2004年,板楼
453,正规2居室，南向方正户型，商品房满五年唯一,大方居 ,3室2厅,90.8平米,南,精装,低楼层(共15层),null,板塔结合
454,四方景园四区总价少的两居室满五年唯一商品房,四方景园四区 ,2室1厅,62.97平米,东北,精装,高楼层(共18层),null,板塔结合
455,龙湖大方居 配套齐全 满五唯一 户型方正 东向两居,大方居 ,2室1厅,89.99平米,东,简装,22层,null,板塔结合
456,健翔桥丝竹园小区，临近鸟巢水立方,丝竹园小区 ,2室1厅,58.42平米,南北,简装,中楼层(共6层),1984年,板楼
457,国奥村不临街三居室  南北通透  采光充足,国奥村 ,3室2厅,194.99平米,南北,简装,低楼层(共6层),2007年,板楼
458,房子在一层，看房方便，业主诚心出售,温泉花园A区 ,2室1厅,52.64平米,西南,简装,底层(共5层),1994年,板楼
459,杨庄小区 万达商圈 南北通透 精装修 无遮挡,杨庄小区 ,2室1厅,65.53平米,南北,精装,高楼层(共6层),1994年,板楼
460,劲松潘家园一居室，楼层高近地铁！,松榆西里 ,1室1厅,47.29平米,南,精装,高楼层(共20层),1999年,塔楼
461,商品房 首套首付120万 无遮挡采光好 南北通透,东泽园 ,2室1厅,76.14平米,南北,简装,高楼层(共16层),2012年,板塔结合
462,复式两居室更好诚意出售使用面积大,荣丰2008 ,1室1厅,27.86平米,北,精装,中楼层(共20层),null,塔楼
463,国兴城 2016年新社区 满五唯一 有电梯 小户型,国兴城 ,1室1厅,53.48平米,南,精装,13层,null,板楼
464,观音寺小区，2022年刚改造，南北通透，配套齐全,观音寺小区 ,2室1厅,70.65平米,南北,精装,顶层(共6层),1995年,板楼
465,华业东方玫瑰C区 临河里地铁站 成龙影城 环球影城,华业东方玫瑰C区 ,2室2厅,88.86平米,南,简装,高楼层(共23层),2016年,板塔结合
466,国韵村 3室1厅 南 北,国韵村 ,3室1厅,136.96平米,南北,精装,中楼层(共16层),2016年,板楼
467,漷县镇商业广场小区 长陵营镇。,漷县镇商业广场 ,2室1厅,96.01平米,南北,简装,中楼层(共4层),2003年,板楼
468,和谐家园一区，全明格局，中间楼层,和谐家园一区 ,3室2厅,124.81平米,南北,精装,6层,2006年,板楼
469,南五里店45号院 1室1厅 南 北,南五里店45号院 ,1室1厅,42.14平米,南北,精装,顶层(共6层),1993年,板楼
470,白广路6号院 2室1厅 南 西 北,白广路6号院 ,2室1厅,59.21平米,南西北,简装,高楼层(共6层),1981年,板楼
471,业主精装修，无遮挡，采光和视线都很好。,源屋曲 ,3室1厅,134.27平米,南西北,精装,中楼层(共21层),null,板塔结合
472,柏泉庄园雁舞园A区 3室1厅 南 北,柏泉庄园雁舞园A区 ,3室1厅,121.39平米,南北,精装,底层(共11层),null,板塔结合
473,光熙门北里  户型好用   交通方便  业主急售,光熙门北里 ,2室1厅,54.12平米,东西,简装,顶层(共6层),null,板楼
474,满2年  正规两居室 钢混结构有电梯,八里庄北里小区 ,2室1厅,75.96平米,西,简装,低楼层(共12层),null,板楼
475,苹果园二区杨庄地铁口全明格局精装两室直接入住,苹果园小区二区 ,2室1厅,74.43平米,东南,精装,低楼层(共16层),null,塔楼
476,长景新园满五唯一精装修中间层诚意出售,长景新园 ,2室1厅,93.11平米,南北,精装,中楼层(共11层),2016年,板楼
477,南沙滩小区 2室1厅 西北,南沙滩小区 ,2室1厅,47.75平米,西北,简装,底层(共6层),1985年,塔楼
478,西斯莱公馆 南北大两居  楼层好,新里西斯莱公馆 ,2室1厅,97.25平米,南北,精装,中楼层(共12层),null,板楼
479,宋家庄家园三区，商品房，高楼层，不临街,宋家庄家园三区 ,2室1厅,67.89平米,东南,精装,中楼层(共29层),2011年,塔楼
480,国兴城  带电梯   南向一居室  诚意出售,国兴城 ,1室1厅,70.36平米,南,精装,13层,2016年,板楼
481,金隅万科城三期 满五年唯一 优质好房,金隅万科城三期 ,3室1厅,110.85平米,南北,简装,低楼层(共6层),2014年,板塔结合
482,北工大，双龙南里，三居室，精装修,双龙南里 ,3室1厅,72.39平米,南北,简装,低楼层(共18层),1993年,塔楼
483,北郊农场宿舍 25万精装修  全名格局 随时签约,北郊农场宿舍 ,2室1厅,80.42平米,南西北,精装,高楼层(共6层),1997年,板楼
484,融泽嘉园中路2号院 自住精装修 商品房 小区正中间,融泽嘉园中路2号院 ,2室1厅,97.26平米,南北,精装,27层,null,板楼
485,万科云溪独栋别墅，精装修，环境优美,万科云溪 ,3室1厅,290.65平米,南北,其他,2层,2016年,板楼
486,顺驰领海 两居 中高楼层采光好,顺驰领海 ,2室1厅,64.59平米,西北,精装,高楼层(共15层),2007年,板楼
487,宋家庄地铁站  两居室东南户型,宋家庄家园四区 ,2室1厅,68.26平米,东南,精装,低楼层(共29层),2010年,塔楼
488,东城和平里 两居室 满五唯一  一梯两户 94年 全新改造,小黄庄一区 ,2室1厅,57.25平米,东西,简装,高楼层(共6层),null,板楼
489,定福庄西街 2室1厅 南 北,定福庄西街 ,2室1厅,57.1平米,南北,简装,顶层(共6层),null,板楼
490,密西花园一期 配套齐全 采买方便,密西花园一期 ,3室2厅,121.4平米,南北,简装,6层,2003年,板楼
491,白广路6号院 2室1厅 南 西 北,白广路6号院 ,2室1厅,59.21平米,南西北,简装,高楼层(共6层),1981年,板楼
492,业主精装修，无遮挡，采光和视线都很好。,源屋曲 ,3室1厅,134.27平米,南西北,精装,中楼层(共21层),null,板塔结合
493,柏泉庄园雁舞园A区 3室1厅 南 北,柏泉庄园雁舞园A区 ,3室1厅,121.39平米,南北,精装,底层(共11层),null,板塔结合
494,K2清水湾高楼层南向精装2居拎包入住,K2清水湾 ,2室1厅,86.93平米,南,精装,高楼层(共27层),2012年,塔楼
495,房子在一层，看房方便，业主诚心出售,温泉花园A区 ,2室1厅,52.64平米,西南,简装,底层(共5层),1994年,板楼
496,老山西里精装修，南北三居室，拎包入住,老山西里 ,3室1厅,62.34平米,南北,精装,高楼层(共6层),1982年,板楼
497,南五里店45号院 1室1厅 南 北,南五里店45号院 ,1室1厅,42.14平米,南北,精装,顶层(共6层),1993年,板楼
498,建外soho西区 3室2厅 南 西北,建外soho西区 ,3室2厅,198.96平米,南西北,精装,低楼层(共28层),null,塔楼
499,满2年  正规两居室 钢混结构有电梯,八里庄北里小区 ,2室1厅,75.96平米,西,简装,低楼层(共12层),null,板楼
500,长景新园满五唯一精装修中间层诚意出售,长景新园 ,2室1厅,93.11平米,南北,精装,中楼层(共11层),2016年,板楼
501,周庄嘉园三期A区   次新房 近地铁,周家庄中路19号院 ,2室1厅,88.43平米,西南北,简装,低楼层(共28层),2014年,塔楼
502,光熙门北里  户型好用   交通方便  业主急售,光熙门北里 ,2室1厅,54.12平米,东西,简装,顶层(共6层),null,板楼
503,南沙滩小区 2室1厅 西北,南沙滩小区 ,2室1厅,47.75平米,西北,简装,底层(共6层),1985年,塔楼
504,酒仙桥芳园南里户型方正精装修两居室,芳园南里 ,2室1厅,53.26平米,东,精装,中楼层(共6层),1985年,板楼
505,苹果园二区杨庄地铁口全明格局精装两室直接入住,苹果园小区二区 ,2室1厅,74.43平米,东南,精装,低楼层(共16层),null,塔楼
506,馨港庄园三区 2室2厅 南 北,馨港庄园三区 ,2室2厅,111.23平米,南北,简装,中楼层(共6层),null,板楼
507,石榴园北里，总监推荐，赵公口，宋家庄，刘家窑,石榴园北里小区 ,2室1厅,58.54平米,南北,精装,顶层(共6层),null,板楼
508,小区中间位置 板楼带电梯 看房随时 精装三居出售,金隅花石匠二期西区 ,3室1厅,91.3平米,南北,精装,高楼层(共10层),null,板楼
509,清水苑社区东西通透明厨明卫一居 高楼层看房方便,东直门北大街 ,1室1厅,48.26平米,东西,精装,中楼层(共14层),1990年,板楼
510,小红庙东西通透两居室 明厨明卫,小红庙 ,2室1厅,65.1平米,东西,精装,高楼层(共6层),1986年,板楼
511,泰河园一里一区精装修 无遮挡正规南向1居室,泰河园一里一区 ,1室1厅,60.57平米,南,精装,中楼层(共10层),null,板楼
512,南海家园全南一居室，中高楼层业主诚意出售,南海家园七里 ,1室1厅,69.96平米,南,简装,中楼层(共20层),2012年,板楼
513,此房满五唯一，明厨明卫，视野开阔采光好，配套齐全。,苹果园小区三区 ,2室1厅,76.68平米,东南,简装,高楼层(共16层),1995年,塔楼
514,北苑家园茉藜园 2室2厅 南 北,北苑家园茉藜园 ,2室2厅,111.87平米,南北,简装,中楼层(共25层),null,塔楼
515,满五年唯一，南北通透，方正户型，采光充足。,西马庄园 ,2室1厅,76.9平米,南北,简装,顶层(共6层),2001年,板楼
516,世纪星城南北通透，全明格局，2梯2户，优质2居,世纪星城三期 ,2室2厅,102.78平米,南北,精装,低楼层(共31层),2010年,板楼
517,满庭芳嘉园  次顶层两居室 满五年唯一  温馨落地窗,住总正华新国展满庭芳 ,2室1厅,99.11平米,南,精装,高楼层(共15层),null,板楼
518,万科云溪中叠，精装房，自己设计装修，采光好,万科云溪 ,3室2厅,178.87平米,南北,精装,中楼层(共5层),null,板楼
519,展览路百万庄闹中取静东南朝向高楼层视野开阔采光好,百万庄大街乙21号院 ,2室1厅,66.8平米,东南,简装,中楼层(共18层),null,塔楼
520,2018年楼龄，满两年，14号线西铁营站、万达广场旁,亚林西居住区9号院 ,2室1厅,57.84平米,南,简装,26层,2018年,板楼
521,首开国风美仑、满五唯一、随时看房,首开国风美仑 ,2室1厅,73.8平米,南,精装,高楼层(共16层),2014年,板楼
522,武夷花园地块！南北通透两居室，户型方正，视野好！,水恋晶城 ,2室1厅,73.61平米,南北,简装,顶层(共6层),null,板楼
523,金地名京精装二居厅带独立书房空间满五唯一东南西北向,金地名京 ,2室1厅,89.58平米,东南西北东北,精装,中楼层(共25层),2010年,塔楼
524,DBC加州小镇小户型随时签约有钥匙,DBC加州小镇 ,1室0厅,42.37平米,南,简装,低楼层(共11层),null,板楼
525,天龙华鹤 南向 两居室 随时可以看 满五年唯一,天龙华鹤 ,2室1厅,69.09平米,南,简装,高楼层(共29层),null,塔楼
526,良乡佳世苑小区良乡佳世苑小区良乡佳世苑小区,佳世苑小区 ,2室1厅,78.36平米,东南,简装,低楼层(共13层),2009年,塔楼
527,瑞雪春堂 南北通透两居室 一梯两户客厅朝南 楼龄新,瑞雪春堂 ,2室1厅,89.37平米,南北,简装,底层(共9层),null,板楼
528,融泽嘉园西二路2号院 全明三居,融泽嘉园西二路2号院 ,3室1厅,104.41平米,南北,毛坯,34层,2016年,板楼
529,和谐家园一区，全明格局，中间楼层,和谐家园一区 ,3室2厅,124.81平米,南北,精装,6层,2006年,板楼
530,漷县镇商业广场小区 长陵营镇。,漷县镇商业广场 ,2室1厅,96.01平米,南北,简装,中楼层(共4层),2003年,板楼
531,团结湖北五条 南北通透 户型方正利用率高 满五年,团结湖北五条 ,2室1厅,51.59平米,南北,简装,底层(共6层),null,板楼
532,华瀚福园D区中间层，南向近公园一居室，靠谱卖！,华瀚福园D区 ,1室1厅,53.54平米,南,简装,18层,null,板塔结合
533,潞河名苑一层精装修的优质三居室,潞河名苑 ,3室2厅,137.81平米,南北,精装,底层(共7层),2002年,板楼
534,满五唯一 高楼层 视野好 没遮挡 诚意卖,天天朝阳 ,1室0厅,38.44平米,东,简装,16层,null,板楼
535,南竺园 2室1厅 南 北,南竺园 ,2室1厅,64.1平米,南北,简装,高楼层(共6层),null,板楼
536,满二 双轨交汇 社区新 楼层高 采光视野好,圣馨家园 ,1室1厅,56.22平米,西北,简装,中楼层(共28层),2010年,板塔结合
537,满五年唯一，商品房南北通透，标准三居，好楼层诚售,福苑小区 ,3室1厅,82.64平米,南北,简装,高楼层(共6层),1997年,板楼
538,安苑东里一区 南北两居室 视野好 看房有钥匙,安苑东里一区 ,2室1厅,59.61平米,南北,毛坯,高楼层(共6层),1987年,板楼
539,乐成国际 满五年唯一 户型方正 随时看房,乐成国际 ,2室1厅,108.79平米,南,精装,低楼层(共16层),2006年,板楼
540,单价低，两梯四户，四个大阳台，楼道瓷砖干净,阳明广场 ,4室2厅,217.6平米,西南,毛坯,19层,2000年,塔楼
541,满五唯一 复式结构 房本只体现一层面积 精装修,汤泉墅 ,2室2厅,79.1平米,南北,精装,顶层(共6层),null,板楼
542,城关南里，五层小户型，看房方便,城关南里社区 ,2室1厅,49.9平米,东,简装,高楼层(共6层),null,板楼
543,亦庄新城 满五唯一商品房 精装修 东南北向三居,东亚瑞晶苑 ,3室1厅,88.13平米,东南北,精装,中楼层(共19层),null,板楼
544,西便门内大街79号院 南向 精装修 一居室 诚心出售,西便门内大街79号院 ,1室1厅,42.13平米,南,精装,高楼层(共6层),null,板楼
545,采光好+中间层+不临街+产权清晰+无抵押,南新园 ,1室1厅,36.47平米,东,简装,7层,2005年,板楼
546,天通苑五区 全南2居  精装自住 商满五唯一  拎包入住,天通苑五区 ,2室2厅,113平米,南,精装,底层(共13层),2001年,板楼
547,大柳树13号院，白石桥，农科院，南北通透田字格三居室,大柳树13号院 ,3室1厅,108.9平米,南北,精装,中楼层(共6层),1994年,板楼
548,马家堡西里  南北通透的两居室  满五年唯一,马家堡西里 ,2室1厅,59.6平米,南北,简装,高楼层(共6层),null,板楼
549,此房满五年唯一 中间楼层 采光视野好 楼间距大,流星花园三区 ,1室1厅,48.95平米,北,精装,中楼层(共11层),2008年,板塔结合
550,二里庄小区 精装修大两居室 满五年唯一 业主诚心出售,二里庄小区 ,2室1厅,65.9平米,东南,精装,低楼层(共18层),null,塔楼
551,东城区 安化南里 07年小区 全凸三居室 无遮挡 不临街,安化南里 ,3室1厅,96.19平米,西北,精装,顶层(共16层),null,塔楼
552,安贞里三区，南向一居室，满五唯一，精装修，采光好,安贞里 ,1室1厅,42.98平米,南,精装,中楼层(共6层),1984年,板楼
553,红庙北里 带电梯南向正规一居室 管理好 近金台路地铁,红庙北里 ,1室1厅,44.59平米,南,简装,低楼层(共16层),1984年,塔楼
554,南北通透，满五唯一  业主诚意出售，价格可议！双地铁,道家园 ,2室1厅,60.91平米,南北,精装,顶层(共7层),1988年,板楼
555,白广路6号院 2室1厅 南 西 北,白广路6号院 ,2室1厅,59.21平米,南西北,简装,高楼层(共6层),1981年,板楼
556,业主精装修，无遮挡，采光和视线都很好。,源屋曲 ,3室1厅,134.27平米,南西北,精装,中楼层(共21层),null,板塔结合
557,柏泉庄园雁舞园A区 3室1厅 南 北,柏泉庄园雁舞园A区 ,3室1厅,121.39平米,南北,精装,底层(共11层),null,板塔结合
558,酒仙桥一街坊 一层南北通透两居室,酒仙桥一街坊 ,2室1厅,62.7平米,南北,毛坯,底层(共6层),1983年,板楼
559,万科幸福汇  大三居117平 255万,万科幸福汇 ,3室1厅,117.34平米,南北,精装,顶层(共5层),2015年,板楼
560,怡馨家园，电梯房，南北通透，三室两卫，满五唯一,怡馨家园 ,3室2厅,111.44平米,南北,简装,18层,null,板楼
561,老山西里精装修，南北三居室，拎包入住,老山西里 ,3室1厅,62.34平米,南北,精装,高楼层(共6层),1982年,板楼
562,满五年唯一，双地铁，有个两个大公园,兴琦家园 ,1室0厅,46.21平米,北,精装,顶层(共6层),null,板楼
563,紫南家园 精装一居室 西南朝向 好楼层,紫南家园 ,1室1厅,60.91平米,西南,精装,低楼层(共6层),null,板楼
564,泽杰丽景2008年商品房，正规2居室,南环里 ,2室1厅,62.6平米,南北,简装,6层,null,板楼
565,花园社区逸成东苑 东南向1居 采光好 不遮挡 价格低,逸成东苑 ,1室1厅,54.68平米,东南,简装,22层,2003年,塔楼
566,单价6万，四居室，近地铁口，清华东路27号院,清华东路27号院 ,4室2厅,125.31平米,南北,精装,高楼层(共7层),null,板楼
567,远大园三区 园区不临街中间楼层，南北通透采光好,远大园三区 ,2室2厅,132.31平米,南北,精装,中楼层(共14层),2001年,板楼
568,长阳半岛怡和南路10号院 南北双通透三居 私密性好,长阳半岛怡和南路10号院 ,3室2厅,120.63平米,南北,精装,中楼层(共15层),2015年,板楼
569,加州水郡四期 西南朝向 满五唯一 双阳台双飘窗,加州水郡四期 ,2室1厅,89.21平米,西南,精装,中楼层(共14层),2011年,塔楼
570,安德里北街24号院 2室1厅 南 北,安德里北街24号院 ,2室1厅,55.21平米,南北,精装,高楼层(共6层),1987年,板楼
571,西三旗建材城西路39号北新家园,北新家园 ,2室1厅,59.8平米,南北,简装,中楼层(共5层),null,板楼
572,南北通透无遮挡，低楼层出入方便，格局方正采光好。,万科青青家园 ,3室2厅,137.57平米,南北,精装,中楼层(共5层),null,板楼
573,低楼层，南北朝向，采光好，户型方正。,西马庄园 ,2室1厅,83.99平米,南北,精装,低楼层(共6层),null,板楼
574,明天第一城5号院，朝阳产权，电梯板楼，一梯两户,明天第一城5号院 ,2室1厅,95.29平米,南北,精装,低楼层(共9层),null,板楼
575,南郎家园 3室1厅 南 北,南郎家园 ,3室1厅,69.43平米,南北,简装,中楼层(共6层),1989年,板楼
576,国奥村不临街三居室  南北通透  采光充足,国奥村 ,3室2厅,194.99平米,南北,简装,低楼层(共6层),2007年,板楼
577,白广路6号院 2室1厅 南 西 北,白广路6号院 ,2室1厅,59.21平米,南西北,简装,高楼层(共6层),1981年,板楼
578,业主精装修，无遮挡，采光和视线都很好。,源屋曲 ,3室1厅,134.27平米,南西北,精装,中楼层(共21层),null,板塔结合
579,柏泉庄园雁舞园A区 3室1厅 南 北,柏泉庄园雁舞园A区 ,3室1厅,121.39平米,南北,精装,底层(共11层),null,板塔结合
580,K2清水湾高楼层南向精装2居拎包入住,K2清水湾 ,2室1厅,86.93平米,南,精装,高楼层(共27层),2012年,塔楼
581,老山西里精装修，南北三居室，拎包入住,老山西里 ,3室1厅,62.34平米,南北,精装,高楼层(共6层),1982年,板楼
582,南沙滩小区 2室1厅 西北,南沙滩小区 ,2室1厅,47.75平米,西北,简装,底层(共6层),1985年,塔楼
583,光熙门北里  户型好用   交通方便  业主急售,光熙门北里 ,2室1厅,54.12平米,东西,简装,顶层(共6层),null,板楼
584,南五里店45号院 1室1厅 南 北,南五里店45号院 ,1室1厅,42.14平米,南北,精装,顶层(共6层),1993年,板楼
585,富力尚悦居C区 3室2厅 南 北,富力尚悦居C区 ,3室2厅,135.04平米,南北,精装,中楼层(共20层),null,板楼
586,燕城苑南区 两居室 精装修婚房,燕城苑南区 ,2室1厅,69.72平米,南北,精装,6层,null,板楼
587,格林物业 管理好 满五年唯一住房 东南向 纯商品房,枫蓝国际 ,2室1厅,96.75平米,东东南南,精装,高楼层(共21层),2004年,塔楼
588,荣丰2008 业主诚心售房 欢迎约看,荣丰2008 ,1室1厅,61.47平米,南,简装,高楼层(共26层),null,塔楼
589,轮胎厂宿舍南北通透三室 中间楼层 看房方便靠谱出售,轮胎厂宿舍 ,3室2厅,90.05平米,南北,精装,中楼层(共6层),null,板楼
590,西二环内 建功南里 1996年楼龄 东南两居室  楼层好,建功南里 ,2室1厅,90.1平米,东南,精装,高楼层(共18层),null,塔楼
591,地铁3号线沿线 南北通透2居室 满5年中间层换房出售,石佛营东里105号院 ,2室1厅,58.59平米,南北,精装,6层,null,板楼
592,华美橡树岭，南北通透，两居室，带电梯，满五年！,华美橡树岭 ,2室2厅,85.11平米,南北,精装,中楼层(共4层),2008年,板楼
593,佳世苑小区 电梯两居室 满五唯一,佳世苑小区 ,2室1厅,95.83平米,南北,简装,低楼层(共14层),2011年,板塔结合
594,东城区 安化南里 07年小区 全凸三居室 无遮挡 不临街,安化南里 ,3室1厅,96.19平米,西北,精装,顶层(共16层),null,塔楼
595,红庙北里 带电梯南向正规一居室 管理好 近金台路地铁,红庙北里 ,1室1厅,44.59平米,南,简装,低楼层(共16层),1984年,塔楼
596,南北通透，满五唯一  业主诚意出售，价格可议！双地铁,道家园 ,2室1厅,60.91平米,南北,精装,顶层(共7层),1988年,板楼
597,大柳树13号院，白石桥，农科院，南北通透田字格三居室,大柳树13号院 ,3室1厅,108.9平米,南北,精装,中楼层(共6层),1994年,板楼
598,万科新里程57号院 精装修两居 全明格局,万科新里程57号院 ,2室2厅,89.07平米,南北,精装,中楼层(共10层),null,板塔结合
599,总监推荐！东城区优质户型，大客厅采光好，南北通透,西革新里108号院 ,3室1厅,74.5平米,南北,精装,中楼层(共7层),1995年,板楼
600,潘家园地铁 面积大 使用空间充足 满五唯一,建业苑(松榆北路7号院) ,3室2厅,101.14平米,南北,简装,高楼层(共7层),1996年,板楼
601,南北通透无遮挡，低楼层出入方便，格局方正采光好。,万科青青家园 ,3室2厅,137.57平米,南北,精装,中楼层(共5层),null,板楼
602,低楼层，南北朝向，采光好，户型方正。,西马庄园 ,2室1厅,83.99平米,南北,精装,低楼层(共6层),null,板楼
603,低楼层，南北通透格局 明厨明卫 楼层好 视野宽阔,大峪南路 ,3室1厅,73.67平米,南北,简装,中楼层(共5层),1986年,板楼
604,双桥朝阳旺角 东南精装三居 诚心出售 看房方便,朝阳旺角 ,3室1厅,121.06平米,东南,精装,中楼层(共15层),2006年,塔楼
605,首都机场南平里南北通透两居室，采光充足,南平里 ,2室1厅,55.98平米,南北,简装,中楼层(共6层),null,板楼
606,苹果园四区 金苹阁 两居 户型方正,金苹阁 ,2室1厅,74.3平米,西北,简装,中楼层(共14层),null,板塔结合
607,洋桥东里 精装修两居，朝南采光好 户型好,洋桥东里 ,2室1厅,64.51平米,南,精装,中楼层(共16层),1996年,塔楼
608,北京城建琨廷漫缇 舒适三居室 宜居小区,北京城建琨廷漫缇 ,3室1厅,97.77平米,南北,精装,中楼层(共5层),2013年,板楼
609,独门独户 全明格局 满五唯一 高层视野好；,凤凰城三期 ,2室1厅,115.8平米,东西,精装,中楼层(共31层),null,板塔结合
610,昌平宽街 2室1厅 南,昌平宽街 ,2室1厅,62.67平米,南,简装,低楼层(共6层),null,板楼
611,安交板块 二环内 东公街 精装修 内置二层全新家具家电,东公街 ,1室0厅,16.3平米,南,精装,底层(共1层),null,平房
612,政泰家园 西城区 2004年小区 落地窗,政泰家园 ,2室1厅,75.8平米,西,简装,低楼层(共22层),2004年,板塔结合
613,门头沟区惠泽家园集中供暖南北通透精装两居,惠泽家园 ,2室1厅,81.84平米,南北,精装,顶层(共6层),2010年,板楼
614,东城区，满五年，有电梯，观景好，采光好，随时可看,工体北路 ,2室1厅,64.67平米,东北,简装,中楼层(共16层),null,塔楼
615,通州区 怡然世家 满五年唯一 配套齐全,怡然世家 ,2室1厅,70.3平米,南,精装,28层,null,板楼
616,全南两居室，户型方正，采光很好，诚心出售,隆恩寺18号院 ,2室1厅,50.99平米,南,简装,高楼层(共6层),1987年,板楼
617,格林物业 管理好 满五年唯一住房 东南向 纯商品房,枫蓝国际 ,2室1厅,96.75平米,东东南南,精装,高楼层(共21层),2004年,塔楼
618,地铁3号线沿线 南北通透2居室 满5年中间层换房出售,石佛营东里105号院 ,2室1厅,58.59平米,南北,精装,6层,null,板楼
619,燕城苑南区 两居室 精装修婚房,燕城苑南区 ,2室1厅,69.72平米,南北,精装,6层,null,板楼
620,荣丰2008 业主诚心售房 欢迎约看,荣丰2008 ,1室1厅,61.47平米,南,简装,高楼层(共26层),null,塔楼
621,中信城一期中信锦园朝东小两居，看房方便，诚心出售,中信锦园 ,2室1厅,73.82平米,东,精装,低楼层(共18层),2009年,板楼
622,京投发展公园悦府一区，精装全南两居室，高楼层靠谱卖,京投发展公园悦府一区 ,2室2厅,81.81平米,南,精装,高楼层(共22层),null,板楼
623,此房满五唯一，楼层好，视野开阔，无遮挡 户型好,K2玉蘭湾 ,2室1厅,89.98平米,西南,简装,27层,null,板楼
624,建研院 环境好 有车位 明厨明卫,建研院 ,3室1厅,90.18平米,南北,简装,中楼层(共5层),1984年,板楼
625,满五年唯一，套内113.55平，双卫大三居，近地铁,龙锦苑二区 ,3室1厅,125.24平米,南北,简装,6层,2005年,板楼
626,万柳园小区 1室1厅 南 北,万柳园小区 ,1室1厅,42.82平米,南北,简装,顶层(共6层),null,板楼
627,房子全南朝向，每个功能间都有窗户，没有浪费面积,DBC加州小镇C区 ,2室1厅,90.15平米,南,精装,低楼层(共15层),2011年,板楼
628,酒仙桥精装两居室 每个卧室都是双窗户 视野好,大山子北里 ,2室1厅,69平米,西南东北,精装,顶层(共5层),1960年,板楼
629,西坝河中里  精装婚房  明厨明卫 满五年唯一 有车位,西坝河中里 ,2室1厅,61.67平米,东南西北,精装,顶层(共6层),1988年,板楼
630,北苑北 立水桥 顶秀青溪 花园洋房,顶秀青溪 ,3室2厅,135.82平米,南北,精装,中楼层(共7层),null,板楼
631,怡馨家园，电梯房，南北通透，三室两卫，满五唯一,怡馨家园 ,3室2厅,111.44平米,南北,简装,18层,null,板楼
632,首创伊林郡二期，高楼层南向两居采光好,首创伊林郡二期 ,2室1厅,82.82平米,南,精装,高楼层(共18层),2017年,板楼
633,万科幸福汇  大三居117平 255万,万科幸福汇 ,3室1厅,117.34平米,南北,精装,顶层(共5层),2015年,板楼
634,门口位置，高楼层，采光视野无遮挡,加州水郡三期 ,1室1厅,58.89平米,西北,精装,中楼层(共11层),2009年,板楼
635,兴盛街187号院  南北通透H户型 一梯两户 电梯房,兴盛街187号院 ,2室1厅,83.75平米,南北,简装,低楼层(共13层),null,板楼
636,芍药居4号院，北四环，京承高速。,芍药居4号院 ,3室2厅,115.96平米,东北,精装,底层(共18层),null,塔楼
637,道家园小区 正规一居室 中间楼层 采光好 看房方便,道家园 ,1室1厅,44.09平米,南,简装,高楼层(共7层),1988年,板楼
638,卧龙小区四居室 高层 满五年商品房 不临街看房方便,卧龙小区 ,4室1厅,177.6平米,东南北,简装,高楼层(共12层),null,板楼
639,玉璟园小区南北通透一居室，精装，中间楼层，电梯房,玉璟园 ,1室1厅,64.68平米,北南,精装,中楼层(共9层),2005年,板楼
640,店长力荐，东南大三居，独有特色门庭，内部空间合理,阳光100 ,3室1厅,172.03平米,东南,精装,中楼层(共33层),null,塔楼
641,2003年小区70年住宅 楼下华堂  地铁惠新西街北口200米,千鹤家园 ,2室1厅,104.7平米,北,其他,低楼层(共25层),null,板塔结合
642,百合园，满五年，唯一，南北通透，独门独院，户型方正,百合园 ,1室1厅,58.19平米,南北,简装,14层,null,板塔结合
643,中加荣园北区 五年唯一，标准2居 南北通透,中加荣园北区 ,2室1厅,92.69平米,南北,精装,11层,null,板楼
644,西山华府禧园中间层，诚意出售，满五唯一,西山华府禧园 ,1室0厅,43.25平米,东北,精装,中楼层(共6层),null,板楼
645,石榴园南里小区，总监推荐，三环，宋家庄,石榴园南里小区 ,2室1厅,80平米,南北,简装,中楼层(共10层),null,板楼
646,正规2居室，南向方正户型，商品房满五年唯一,大方居 ,3室2厅,90.8平米,南,精装,低楼层(共15层),null,板塔结合
647,四方景园四区总价少的两居室满五年唯一商品房,四方景园四区 ,2室1厅,62.97平米,东北,精装,高楼层(共18层),null,板塔结合
648,龙湖大方居 配套齐全 满五唯一 户型方正 东向两居,大方居 ,2室1厅,89.99平米,东,简装,22层,null,板塔结合
649,国奥村不临街三居室  南北通透  采光充足,国奥村 ,3室2厅,194.99平米,南北,简装,低楼层(共6层),2007年,板楼
650,新上房源 商品房满五唯一 南北三居室  精装修 位置好,天通苑北一区 ,3室1厅,141.53平米,南北,精装,低楼层(共12层),2004年,板楼
651,健翔桥丝竹园小区，临近鸟巢水立方,丝竹园小区 ,2室1厅,58.42平米,南北,简装,中楼层(共6层),1984年,板楼
652,金隅悦和园 商品房小区中间位置 看房方便,金隅悦和园 ,2室1厅,78.29平米,南,简装,中楼层(共28层),2013年,板楼
653,原香小镇二区，南北通透两居室，位置好，不临街,原香小镇二区 ,2室1厅,87.31平米,南北,精装,低楼层(共6层),2010年,板楼
654,首创新悦都一区 满五唯一 精装修 全明格局,首创新悦都一区 ,3室2厅,86.92平米,东南北,精装,低楼层(共9层),null,板楼
655,杨庄小区 万达商圈 南北通透 精装修 无遮挡,杨庄小区 ,2室1厅,65.53平米,南北,精装,高楼层(共6层),1994年,板楼
656,康宜家园南区 南向一居 小户型 带电梯,康宜家园南区 ,1室1厅,56.38平米,南,简装,低楼层(共17层),2015年,板楼
657,劲松潘家园一居室，楼层高近地铁！,松榆西里 ,1室1厅,47.29平米,南,精装,高楼层(共20层),1999年,塔楼
658,首开熙悦山熹园 南北通透2居 看房方便 业主诚售,首开熙悦山熹园1号院 ,2室2厅,87.15平米,南北,简装,低楼层(共21层),null,板塔结合
659,朝丰家园8号院   南向正规一居室  采光好  看房方便,朝丰家园8号院 ,1室1厅,49.96平米,南,精装,低楼层(共16层),2009年,板楼
660,良乡佳世苑小区良乡佳世苑小区良乡佳世苑小区,佳世苑小区 ,2室1厅,78.36平米,东南,简装,低楼层(共13层),2009年,塔楼
661,此房满五年唯一 中间楼层 采光视野好 楼间距大,流星花园三区 ,1室1厅,48.95平米,北,精装,中楼层(共11层),2008年,板塔结合
662,瑞雪春堂 南北通透两居室 一梯两户客厅朝南 楼龄新,瑞雪春堂 ,2室1厅,89.37平米,南北,简装,底层(共9层),null,板楼
663,融泽嘉园西二路2号院 全明三居,融泽嘉园西二路2号院 ,3室1厅,104.41平米,南北,毛坯,34层,2016年,板楼
664,潘家园地铁 面积大 使用空间充足 满五唯一,建业苑(松榆北路7号院) ,3室2厅,101.14平米,南北,简装,高楼层(共7层),1996年,板楼
665,明天第一城5号院，朝阳产权，电梯板楼，一梯两户,明天第一城5号院 ,2室1厅,95.29平米,南北,精装,低楼层(共9层),null,板楼
666,西三旗建材城西路39号北新家园,北新家园 ,2室1厅,59.8平米,南北,简装,中楼层(共5层),null,板楼
667,南郎家园 3室1厅 南 北,南郎家园 ,3室1厅,69.43平米,南北,简装,中楼层(共6层),1989年,板楼
668,物华大厦 精装修自住两居 大客厅双卫 随时看房和签约,物华大厦 ,2室1厅,183.57平米,东北,精装,25层,null,塔楼
669,公主坟翠微柳林馆三室一厅正规三居 精装满五年唯一,柳林馆 ,3室1厅,72平米,东北,精装,低楼层(共16层),1985年,塔楼
670,南北通透无遮挡，低楼层出入方便，格局方正采光好。,万科青青家园 ,3室2厅,137.57平米,南北,精装,中楼层(共5层),null,板楼
671,低楼层，南北朝向，采光好，户型方正。,西马庄园 ,2室1厅,83.99平米,南北,精装,低楼层(共6层),null,板楼
672,康宜家园北区 两梯四户 南北通透 精装修,康宜家园北区 ,2室1厅,71.08平米,南北,精装,中楼层(共21层),null,板楼
673,密西花园一期 配套齐全 采买方便,密西花园一期 ,3室2厅,121.4平米,南北,简装,6层,2003年,板楼
674,华瀚福园D区中间层，南向近公园一居室，靠谱卖！,华瀚福园D区 ,1室1厅,53.54平米,南,简装,18层,null,板塔结合
675,潞河名苑一层精装修的优质三居室,潞河名苑 ,3室2厅,137.81平米,南北,精装,底层(共7层),2002年,板楼
676,满二 双轨交汇 社区新 楼层高 采光视野好,圣馨家园 ,1室1厅,56.22平米,西北,简装,中楼层(共28层),2010年,板塔结合
677,满五年唯一，商品房南北通透，标准三居，好楼层诚售,福苑小区 ,3室1厅,82.64平米,南北,简装,高楼层(共6层),1997年,板楼
678,团结湖北五条 南北通透 户型方正利用率高 满五年,团结湖北五条 ,2室1厅,51.59平米,南北,简装,底层(共6层),null,板楼
679,原香小镇二区，南北通透两居室，位置好，不临街,原香小镇二区 ,2室1厅,87.31平米,南北,精装,低楼层(共6层),2010年,板楼
680,首创新悦都一区 满五唯一 精装修 全明格局,首创新悦都一区 ,3室2厅,86.92平米,东南北,精装,低楼层(共9层),null,板楼
681,金隅悦和园 商品房小区中间位置 看房方便,金隅悦和园 ,2室1厅,78.29平米,南,简装,中楼层(共28层),2013年,板楼
682,月季园小区，南向两居室，双卫户型,月季园 ,2室1厅,99.56平米,南,精装,低楼层(共27层),null,板塔结合
683,开阳里三区 电梯房 精装两居 采光好 格局方正 带车位,开阳里三区 ,2室1厅,91.5平米,西南,精装,高楼层(共24层),null,板塔结合
684,清水园二期 商品房 满五唯一 业主诚心出售,清水园二期 ,2室2厅,102.46平米,南北,精装,中楼层(共7层),2003年,板楼
685,康宜家园南区 南向一居 小户型 带电梯,康宜家园南区 ,1室1厅,56.38平米,南,简装,低楼层(共17层),2015年,板楼
686,首开熙悦山熹园 南北通透2居 看房方便 业主诚售,首开熙悦山熹园1号院 ,2室2厅,87.15平米,南北,简装,低楼层(共21层),null,板塔结合
687,朝丰家园8号院   南向正规一居室  采光好  看房方便,朝丰家园8号院 ,1室1厅,49.96平米,南,精装,低楼层(共16层),2009年,板楼
688,优质好房 西环里 精装修一居室 低楼层 有燃气,西环里 ,1室1厅,27.7平米,南,精装,中楼层(共5层),1982年,板楼
689,瑞雪春堂全南方正两居 好位置出行购物方便 采光视野好,瑞雪春堂 ,2室1厅,91.18平米,南,精装,中楼层(共15层),2010年,板楼
690,嘉铭板楼满五唯一，南北通透，户型方正，没有遮挡,嘉铭桐城D区 ,2室1厅,120.9平米,南北,精装,低楼层(共15层),2006年,板楼
691,万科城市花园双卧朝南三居室   满五唯一,万科城市花园 ,3室2厅,153.41平米,南北,简装,中楼层(共5层),null,板楼
692,商品房板楼一层和负一层，南北通透装修好，有花园，,长滩壹号 ,1室1厅,68.72平米,南北,精装,底层(共10层),null,板楼
693,塔院小区南北通透三居 高楼层  户型方正 诚意出售,塔院小区 ,3室1厅,86.71平米,东南北,简装,高楼层(共18层),null,板塔结合
694,板桥南街8号院 2室2厅 南 北,板桥南街8号院 ,2室2厅,81.7平米,南北,简装,中楼层(共11层),null,板楼
695,万科金域东郡 3室1厅 南 北,万科金域东郡 ,3室1厅,90.77平米,南北,精装,中楼层(共21层),null,板塔结合
696,首创澜茵山三期 电梯洋房 视野好 采光好 户型方正,首创澜茵山三期 ,3室1厅,113.55平米,南北,毛坯,高楼层(共6层),null,板楼
697,上叠 采光好 不冲誉天下车库 格局好 诚意卖 看房方便,水木兰亭 ,3室2厅,160.46平米,南北,简装,中楼层(共5层),2005年,板楼
698,三丰里小区 三面朝阳 满五唯一 中间楼层,三丰里小区 ,2室1厅,50.77平米,南,精装,中楼层(共5层),null,板楼
699,满二 双轨交汇 社区新 楼层高 采光视野好,圣馨家园 ,1室1厅,56.22平米,西北,简装,中楼层(共28层),2010年,板塔结合
700,团结湖北五条 南北通透 户型方正利用率高 满五年,团结湖北五条 ,2室1厅,51.59平米,南北,简装,底层(共6层),null,板楼
701,华瀚福园D区中间层，南向近公园一居室，靠谱卖！,华瀚福园D区 ,1室1厅,53.54平米,南,简装,18层,null,板塔结合
702,潞河名苑一层精装修的优质三居室,潞河名苑 ,3室2厅,137.81平米,南北,精装,底层(共7层),2002年,板楼
703,华业东方玫瑰C区 临河里地铁站 成龙影城 环球影城,华业东方玫瑰C区 ,2室2厅,88.86平米,南,简装,高楼层(共23层),2016年,板塔结合
704,国韵村 3室1厅 南 北,国韵村 ,3室1厅,136.96平米,南北,精装,中楼层(共16层),2016年,板楼
705,荔景园新区 南北正规一居室 通风好 不临街产权清晰,荔景园新区 ,1室1厅,69.66平米,南北,简装,低楼层(共27层),null,板塔结合
706,朝阳门内大街甲190号院  南北三居室 南北通透,朝阳门内大街甲190号院 ,3室1厅,67.42平米,南北,简装,顶层(共6层),null,板楼
707,安苑东里一区 南北两居室 视野好 看房有钥匙,安苑东里一区 ,2室1厅,59.61平米,南北,毛坯,高楼层(共6层),1987年,板楼
708,大柳树13号院，白石桥，农科院，南北通透田字格三居室,大柳树13号院 ,3室1厅,108.9平米,南北,精装,中楼层(共6层),1994年,板楼
709,马家堡西里  南北通透的两居室  满五年唯一,马家堡西里 ,2室1厅,59.6平米,南北,简装,高楼层(共6层),null,板楼
710,此房满五年唯一 中间楼层 采光视野好 楼间距大,流星花园三区 ,1室1厅,48.95平米,北,精装,中楼层(共11层),2008年,板塔结合
711,西斯莱公馆 南北大两居  楼层好,新里西斯莱公馆 ,2室1厅,97.25平米,南北,精装,中楼层(共12层),null,板楼
712,房地远洋悦山水 2室1厅 南,房地远洋悦山水 ,2室1厅,56.81平米,南,精装,中楼层(共22层),null,塔楼
713,电梯房 户型方正  南北通透  价格能商量 诚意出售,时代龙和大道 ,2室1厅,103.26平米,南北,简装,低楼层(共15层),2007年,板楼
714,全天采光无遮挡  看房有钥匙   随时可以看房,珠江帝景 ,3室1厅,163.54平米,东南,精装,26层,null,塔楼
715,店长推荐近地铁楼层好明厨明卫明厅，产权清晰随时交易,蓟门北里 ,3室1厅,77.4平米,南,简装,中楼层(共7层),null,板楼
716,公庄小区 满五唯一 业主诚心出售,公庄小区 ,2室1厅,73.85平米,南北,简装,中楼层(共7层),2002年,板楼
717,保利首开丽湾家园优质好房随时可看,保利首开丽湾家园 ,2室1厅,85.62平米,南,简装,29层,null,板楼
718,满五年唯一，南北通透，明厨明卫，采光通风好，精装修,金色漫香苑 ,3室2厅,139.2平米,南北,精装,中楼层(共8层),2013年,板楼
719,七里庄 庄维花园 经典两居室 地铁边,庄维花园 ,2室1厅,87.51平米,东南,精装,中楼层(共24层),2002年,塔楼
720,南北通透 交通便利 配套完善 满五唯一 公摊小,鑫兆丽园 ,2室1厅,94.15平米,南北,简装,底层(共6层),null,板楼
721,柏林爱乐三期南北2居，满五年唯一 无遮挡,柏林爱乐四期 ,2室1厅,94.06平米,南北,简装,低楼层(共15层),null,板楼
722,亦庄新城 满五唯一商品房 精装修 东南北向三居,东亚瑞晶苑 ,3室1厅,88.13平米,东南北,精装,中楼层(共19层),null,板楼
723,流星花园三区 金地物业，电梯洋房 全南 阳光充足,流星花园三区 ,2室1厅,91.08平米,南,简装,中楼层(共6层),null,板楼
724,天通苑五区 全南2居  精装自住 商满五唯一  拎包入住,天通苑五区 ,2室2厅,113平米,南,精装,底层(共13层),2001年,板楼
725,南海雅苑南区 满五年，唯一住宅，超西向无抵押有钥匙,南海雅苑南区 ,2室1厅,75.7平米,西,简装,低楼层(共16层),2015年,塔楼
726,远中悦麒 2006年商品房 南向一居 精装修,远中悦麒 ,1室1厅,49.72平米,南,精装,中楼层(共24层),null,塔楼
727,满五年唯一，正南朝向，94年房龄，带固定车位，精装修,左家庄南里 ,2室1厅,62.08平米,南北,精装,顶层(共6层),null,板楼
728,康宜家园北区 两梯四户 南北通透 精装修,康宜家园北区 ,2室1厅,71.08平米,南北,精装,中楼层(共21层),null,板楼
729,劲松潘家园一居室，楼层高近地铁！,松榆西里 ,1室1厅,47.29平米,南,精装,高楼层(共20层),1999年,塔楼
730,康宜家园南区 南向一居 小户型 带电梯,康宜家园南区 ,1室1厅,56.38平米,南,简装,低楼层(共17层),2015年,板楼
731,朝丰家园8号院   南向正规一居室  采光好  看房方便,朝丰家园8号院 ,1室1厅,49.96平米,南,精装,低楼层(共16层),2009年,板楼
732,首开熙悦山熹园 南北通透2居 看房方便 业主诚售,首开熙悦山熹园1号院 ,2室2厅,87.15平米,南北,简装,低楼层(共21层),null,板塔结合
733,杨庄小区 万达商圈 南北通透 精装修 无遮挡,杨庄小区 ,2室1厅,65.53平米,南北,精装,高楼层(共6层),1994年,板楼
734,城锦苑 14年社区  精装一居 南向 两梯四户 商满五唯一,城锦苑 ,1室1厅,62.34平米,南,精装,低楼层(共14层),null,板楼
735,海淀产区  安宁里 精装两居 368W 随时看房,安宁里 ,2室1厅,58.2平米,南北,简装,顶层(共6层),1994年,板楼
736,西黄新村南里 紧挨地铁口 不临街 精装修,西黄新村南里 ,2室1厅,71.72平米,南北,精装,底层(共6层),1984年,板楼
737,兴盛街187号院  南北通透H户型 一梯两户 电梯房,兴盛街187号院 ,2室1厅,83.75平米,南北,简装,低楼层(共13层),null,板楼
738,模式口西里 2室1厅 南,模式口西里 ,2室1厅,55.27平米,南,简装,中楼层(共6层),null,板楼
739,满五年唯一，商品房南北通透，标准三居，好楼层诚售,福苑小区 ,3室1厅,82.64平米,南北,简装,高楼层(共6层),1997年,板楼
740,乐成国际 满五年唯一 户型方正 随时看房,乐成国际 ,2室1厅,108.79平米,南,精装,低楼层(共16层),2006年,板楼
741,满五唯一 复式结构 房本只体现一层面积 精装修,汤泉墅 ,2室2厅,79.1平米,南北,精装,顶层(共6层),null,板楼
742,城关南里，五层小户型，看房方便,城关南里社区 ,2室1厅,49.9平米,东,简装,高楼层(共6层),null,板楼
743,单价低，两梯四户，四个大阳台，楼道瓷砖干净,阳明广场 ,4室2厅,217.6平米,西南,毛坯,19层,2000年,塔楼
744,满五唯一 高楼层 视野好 没遮挡 诚意卖,天天朝阳 ,1室0厅,38.44平米,东,简装,16层,null,板楼
745,南竺园 2室1厅 南 北,南竺园 ,2室1厅,64.1平米,南北,简装,高楼层(共6层),null,板楼
746,此房满五唯一，明厨明卫，视野开阔采光好，配套齐全。,苹果园小区三区 ,2室1厅,76.68平米,东南,简装,高楼层(共16层),1995年,塔楼
747,西便门内大街79号院 南向 精装修 一居室 诚心出售,西便门内大街79号院 ,1室1厅,42.13平米,南,精装,高楼层(共6层),null,板楼
748,采光好+中间层+不临街+产权清晰+无抵押,南新园 ,1室1厅,36.47平米,东,简装,7层,2005年,板楼
749,满五年唯一，南北通透，方正户型，采光充足。,西马庄园 ,2室1厅,76.9平米,南北,简装,顶层(共6层),2001年,板楼
750,满庭芳嘉园  次顶层两居室 满五年唯一  温馨落地窗,住总正华新国展满庭芳 ,2室1厅,99.11平米,南,精装,高楼层(共15层),null,板楼
751,北二环外 精装修带客厅两居室  诚售,安德路47号院 ,2室1厅,60.25平米,东西,精装,6层,1990年,板楼
752,融华世家 后排不临街 东边户 视野采光好,融华世家 ,3室1厅,169.05平米,东南北,精装,中楼层(共25层),null,板楼
753,一梯两户，公摊小，户型方正，上下楼方便。,天露园二区 ,3室1厅,127.47平米,南北,精装,6层,null,板楼
754,大方居 南北两居 满五年唯一商品房只有契税,大方居 ,2室1厅,89.8平米,南北,简装,高楼层(共18层),2008年,板塔结合
755,北欧印象 1室1厅 北,北欧印象 ,1室1厅,43.26平米,北,精装,低楼层(共28层),2003年,塔楼
756,双桥铁路小区精装修中间层南北两居室,东柳西里 ,2室1厅,43.1平米,南北,精装,5层,null,板楼
757,小黄庄一区 南向两居室 业主诚意出售,小黄庄一区 ,2室1厅,62.63平米,南,简装,低楼层(共21层),null,板塔结合
758,总监推荐：润泽公馆，南向大两居，全天采光好，不缺角,润泽公馆 ,2室1厅,105.1平米,南,精装,中楼层(共24层),null,板楼
759,丽景长安南向两居室，精装修，采光好,丽景长安 ,2室1厅,83.05平米,南,精装,高楼层(共9层),null,板楼
760,古城南路 2室1厅 南,古城南路 ,2室1厅,45.17平米,南,精装,高楼层(共6层),1977年,板楼
761,商品房满五唯一，精装，2016年次新房，拎包入住,融泽嘉园西二路6号院 ,2室1厅,81.77平米,南,精装,31层,2016年,板楼
762,科育小区中楼层南北通透两居，全明格局物业好,科育小区 ,2室1厅,56.5平米,南北,简装,中楼层(共6层),1981年,板楼
763,学院南路8号 1室1厅 南,学院南路8号 ,1室1厅,36.9平米,南,精装,低楼层(共6层),1982年,板楼
764,保利春天里 满五唯一 双通透 中间楼层采光好 精致装修,保利春天里 ,3室2厅,96.41平米,南北,精装,中楼层(共20层),2014年,板楼
765,铭科苑正规南北通透3居室 业主诚意出售,铭科苑 ,3室1厅,90.8平米,南北,简装,高楼层(共6层),1997年,板楼
766,满5年唯一住房就契税,全南向,对花园,高楼层安静采光,北苑家园绣菊园 ,2室1厅,81.31平米,南,精装,高楼层(共25层),null,塔楼
767,福怡苑小区 中间楼层 全南一居 自住精装修,福怡苑 ,1室1厅,56.2平米,南,精装,中楼层(共7层),null,板楼
768,楼层好，全明格局，视野宽阔，看花园,首城国际A区 ,1室1厅,45.78平米,西北,精装,中楼层(共22层),2010年,板塔结合
769,精装修 明厨明卫 好楼层 看房方便,湖光小区 ,2室1厅,81.4平米,南北,精装,5层,null,板楼
770,亮马桥路九号院 精装修 近地铁,亮马桥路九号院 ,2室1厅,54.69平米,南北,精装,中楼层(共6层),1987年,板楼
771,精装修，钢混结构，管理环境好，对小区花园。,石佛营东里128号院 ,2室1厅,66.49平米,南东东南,精装,中楼层(共20层),null,塔楼
772,东南向精装两居 位置安静视野景观佳 只一个契税,圣馨家园 ,2室1厅,89.55平米,东南,精装,中楼层(共28层),null,塔楼
773,高楼层，视野开阔无遮挡，两部电梯五户挑高3.15米,丽水莲花 ,2室1厅,99.28平米,西北,精装,高楼层(共24层),2009年,塔楼
774,格局好，南北三居，满五唯一，不临街，停车方便,田村40号院 ,3室1厅,89.46平米,南北,简装,中楼层(共6层),1999年,板楼
775,城子车站街，东向一室一厅，看房比较方便。,城子车站街 ,1室1厅,38.06平米,东,简装,4层,1970年,板楼
776,阳光星苑北区 中间楼层两居室  按满五唯一商品房卖,阳光星苑北区 ,2室1厅,65.31平米,南北,简装,中楼层(共16层),null,板塔结合
777,立城苑 2室1厅 南 北,立城苑 ,2室1厅,98.55平米,南北,简装,高楼层(共15层),null,板楼
778,地铁六号线，满五唯一纯商品房社区，看房方便,有电梯,美然动力A3区 ,2室1厅,88平米,东南北,精装,高楼层(共9层),null,板楼
779,满五唯一 精装修 南北通透 中间楼层 不临街 无遮挡,双龙南里 ,2室1厅,55.5平米,南北,精装,中楼层(共6层),null,板楼
780,翠成馨园D区 满五唯一 南向大两居 看房方便 诚意出售,翠成馨园D区 ,2室1厅,97.06平米,东南,精装,中楼层(共28层),null,板楼
781,周庄嘉园三期A区   次新房 近地铁,周家庄中路19号院 ,2室1厅,88.43平米,西南北,简装,低楼层(共28层),2014年,塔楼
782,甜水园东里，1991年楼龄，全明格局，满五唯一，采光好,甜水园东里 ,2室1厅,56.53平米,南北,简装,顶层(共6层),1991年,板楼
783,健翔桥丝竹园小区，临近鸟巢水立方,丝竹园小区 ,2室1厅,58.42平米,南北,简装,中楼层(共6层),1984年,板楼
784,正规2居室，南向方正户型，商品房满五年唯一,大方居 ,3室2厅,90.8平米,南,精装,低楼层(共15层),null,板塔结合
785,四方景园四区总价少的两居室满五年唯一商品房,四方景园四区 ,2室1厅,62.97平米,东北,精装,高楼层(共18层),null,板塔结合
786,龙湖大方居 配套齐全 满五唯一 户型方正 东向两居,大方居 ,2室1厅,89.99平米,东,简装,22层,null,板塔结合
787,新上房源 商品房满五唯一 南北三居室  精装修 位置好,天通苑北一区 ,3室1厅,141.53平米,南北,精装,低楼层(共12层),2004年,板楼
788,南沙滩小区 2室1厅 西北,南沙滩小区 ,2室1厅,47.75平米,西北,简装,底层(共6层),1985年,塔楼
789,光熙门北里  户型好用   交通方便  业主急售,光熙门北里 ,2室1厅,54.12平米,东西,简装,顶层(共6层),null,板楼
790,酒仙桥芳园南里户型方正精装修两居室,芳园南里 ,2室1厅,53.26平米,东,精装,中楼层(共6层),1985年,板楼
791,建外soho西区 3室2厅 南 西北,建外soho西区 ,3室2厅,198.96平米,南西北,精装,低楼层(共28层),null,塔楼
792,满2年  正规两居室 钢混结构有电梯,八里庄北里小区 ,2室1厅,75.96平米,西,简装,低楼层(共12层),null,板楼
793,馨港庄园三区 2室2厅 南 北,馨港庄园三区 ,2室2厅,111.23平米,南北,简装,中楼层(共6层),null,板楼
794,K2清水湾高楼层南向精装2居拎包入住,K2清水湾 ,2室1厅,86.93平米,南,精装,高楼层(共27层),2012年,塔楼
795,南五里店45号院 1室1厅 南 北,南五里店45号院 ,1室1厅,42.14平米,南北,精装,顶层(共6层),1993年,板楼
796,首城汇景湾（金河北街8号院） 3室2厅 南 北,首城汇景湾（金河北街8号院） ,3室2厅,153.67平米,南北,精装,中楼层(共18层),2016年,板楼
797,国奥村不临街三居室  南北通透  采光充足,国奥村 ,3室2厅,194.99平米,南北,简装,低楼层(共6层),2007年,板楼
798,房子在一层，看房方便，业主诚心出售,温泉花园A区 ,2室1厅,52.64平米,西南,简装,底层(共5层),1994年,板楼
799,东城区 冠城名敦道A区 东北无遮挡 正对国贸 高层视野,冠城名敦道A区 ,3室1厅,131.74平米,东北,精装,中楼层(共23层),2009年,塔楼
800,保利罗兰香谷，精装三居室，南北通透，采光充足无遮挡,保利罗兰香谷 ,3室1厅,91.35平米,南北,精装,低楼层(共17层),null,板楼
801,森林大第 中间楼层双卫三居室 采光视野好,森林大第 ,3室2厅,126.38平米,南北,精装,中楼层(共6层),2003年,板楼
802,保利罗谷小区 精装两居室  商品房满五年唯一,保利罗谷小区 ,2室1厅,78.12平米,西,精装,高楼层(共29层),2016年,板楼
803,1994年劲松二区电梯直达格局好二居室诚意出售,劲松二区 ,2室1厅,58.71平米,西北,精装,中楼层(共14层),1994年,塔楼
804,满五年唯一，明厨明卫，看房方便,左家庄北里 ,1室1厅,45.09平米,东西,精装,中楼层(共12层),1988年,板塔结合
805,志新村小区一居 有电梯 满五唯一 业主随时签约,志新村 ,1室1厅,50.9平米,南,简装,18层,null,塔楼
806,南郎家园 3室1厅 南 北,南郎家园 ,3室1厅,69.43平米,南北,简装,中楼层(共6层),1989年,板楼
807,物华大厦 精装修自住两居 大客厅双卫 随时看房和签约,物华大厦 ,2室1厅,183.57平米,东北,精装,25层,null,塔楼
808,优质好房 西环里 精装修一居室 低楼层 有燃气,西环里 ,1室1厅,27.7平米,南,精装,中楼层(共5层),1982年,板楼
809,首付100万有钥匙随时看房，高楼层视野好,北京新天地四期 ,1室1厅,66.45平米,东北,精装,高楼层(共28层),null,板塔结合
810,三空间 经典西南北两居室，满五年唯一 南北通透,三空间 ,2室2厅,112.87平米,南西北,简装,中楼层(共10层),null,板楼
811,模式口中里南北两居   正规客厅 精装修,模式口中里 ,2室1厅,62.12平米,南北,精装,底层(共6层),2000年,板楼
812,青秀雅苑全南一居，高楼层视野好采光好,青秀雅苑 ,1室1厅,72.6平米,南,简装,高楼层(共21层),null,板楼
813,花园新区  看房方便 随时签约，,花园新区 ,2室1厅,103.95平米,南,精装,低楼层(共20层),2010年,塔楼
814,晨光家园B区  南向两居 精装修  近地铁  诚意出售,晨光家园B区 ,2室1厅,99.58平米,西南,精装,中楼层(共10层),2006年,板楼
815,洋桥东里 精装修两居，朝南采光好 户型好,洋桥东里 ,2室1厅,64.51平米,南,精装,中楼层(共16层),1996年,塔楼
816,翡翠公园五期   全新未住  看房随时 业主换房急售,翡翠公园五期 ,3室2厅,111.83平米,南北,精装,中楼层(共4层),2020年,板楼
817,北郊农场宿舍 25万精装修  全名格局 随时签约,北郊农场宿舍 ,2室1厅,80.42平米,南西北,精装,高楼层(共6层),1997年,板楼
818,通州北关商务区 万福家园 南北两居室,万福家园 ,2室2厅,96.02平米,南北,简装,中楼层(共6层),null,板楼
819,公园式社区保利茉莉公馆精装南北通透两居,保利茉莉公馆 ,2室1厅,88.64平米,南北,精装,27层,2011年,板楼
820,佟馨家园A区   高楼层  南北通透,佟馨家园A区 ,2室1厅,79.64平米,南北,简装,高楼层(共18层),null,板楼
821,满五唯一新上东向2居观小区花园，高层采光好。,保利金泉 ,2室1厅,98.19平米,东,精装,中楼层(共30层),2008年,塔楼
822,融泽嘉园中路2号院 自住精装修 商品房 小区正中间,融泽嘉园中路2号院 ,2室1厅,97.26平米,南北,精装,27层,null,板楼
823,北工大，双龙南里，三居室，精装修,双龙南里 ,3室1厅,72.39平米,南北,简装,低楼层(共18层),1993年,塔楼
824,马连洼天秀花园安和园，天秀花园,天秀花园安和园 ,2室1厅,84.15平米,东西,精装,顶层(共6层),null,板楼
825,此房满五年唯一，户型双通透，小区主力经典两居户型,北京人家 ,2室2厅,94.68平米,南北,精装,6层,2006年,板楼
826,近1号线双桥站 南北通透 全明格局 双阳台 满五年唯一,双柳巷 ,2室1厅,70.32平米,南北,精装,高楼层(共6层),null,板楼
827,满五年家庭就这一套住房，精装修，西向，有阳台,长城国际 ,1室0厅,48.51平米,西,精装,20层,2009年,塔楼
828,金隅泰和园 交通方便 视野好 采光好,金隅泰和园 ,2室1厅,81.29平米,南,精装,28层,2013年,板塔结合
829,阳光城君山墅，是你成公人生，不需此生的标准,阳光城君山墅 ,4室2厅,383.44平米,南北,毛坯,2层,2010年,板楼
830,四环内朝阳区 南北小三居 双地铁环绕,中海城香克林 ,3室1厅,100.1平米,南北,精装,10层,null,板楼
831,南北2居室，中间楼层，采光好，成诚心出售。,西马庄园 ,2室1厅,64.05平米,南北,简装,中楼层(共6层),null,板楼
832,店长推荐！永达逸家精装修1居士，拎包入住，随时看房,永达逸家 ,1室1厅,47.82平米,东,精装,中楼层(共15层),null,板塔结合
833,南三环 刘家窑 贾家花园15号院 全南两居 双卫 不临街,贾家花园15号院 ,2室1厅,135.95平米,南,简装,中楼层(共25层),2009年,板楼
834,建邦枫景 1室1厅 南,建邦枫景 ,1室1厅,57.35平米,南,简装,中楼层(共22层),2011年,板楼
835,广安门外大街305号8区.......,荣丰2008 ,1室1厅,30.56平米,东,精装,高楼层(共20层),null,塔楼
836,70年产权住宅，户型方正没有浪费面积，中间楼层,后现代城B区 ,2室1厅,110.85平米,南,简装,中楼层(共14层),2004年,塔楼
837,低密度社区 业主诚意出售 南北通透2居 商品房满五唯一,天通苑六区 ,2室1厅,92.99平米,南北,简装,高楼层(共6层),null,板楼
838,里仁街6号院三居室 中间层 采光好,里仁街6号院 ,3室1厅,70.64平米,东南西,简装,中楼层(共6层),null,板楼
839,未来上层 2室2厅 南 北,未来上层 ,2室2厅,93.17平米,南北,精装,高楼层(共13层),null,板楼
840,腾龙家园 精装1居 南向 采光好 中间楼层,腾龙家园二区 ,1室1厅,54.42平米,南,精装,6层,2007年,板楼
841,板桥南街8号院 2室1厅 南 北,板桥南街8号院 ,2室1厅,81.16平米,南北,简装,底层(共12层),2016年,板楼
842,东城区和平里三区满5年唯一住房，诚心出售。,和平里三区 ,1室1厅,45.49平米,东,精装,顶层(共6层),null,板楼
843,板桥南街8号院 2室2厅 南 北,板桥南街8号院 ,2室2厅,81.7平米,南北,简装,中楼层(共11层),null,板楼
844,裕禧隆园 中楼层 朝南一居 全明格局 看房方便,裕隆新村 ,1室1厅,64.05平米,南,精装,中楼层(共6层),2009年,板楼
845,洋桥北京南站西罗园四区两居室诚心出售,西罗园四区 ,2室1厅,61.82平米,北南,简装,中楼层(共6层),null,板楼
846,低密度社区 业主诚意出售 南北通透2居 商品房满五唯一,天通苑六区 ,2室1厅,92.99平米,南北,简装,高楼层(共6层),null,板楼
847,满五唯一，南北通透。楼层好，采光充足,礼贤街 ,4室2厅,133.86平米,南北,简装,6层,null,暂无数据
848,小南庄社区 南北通透 诚心出售 价格可以谈,小南庄社区 ,1室1厅,53.13平米,南北,简装,地下室(共6层),null,板楼
849,急售，俯瞰凉水河公园；南北通透，三居两卫，带电梯,莲水怡园 ,3室2厅,125.44平米,南北,简装,中楼层(共12层),2005年,板楼
850,中间层，满五年，南北双阳台，诚意出售，价钱可谈。,石园北区 ,2室1厅,77.33平米,南北,简装,中楼层(共6层),1998年,板楼
851,东西通透客厅带窗户 全明格局 高楼层 无遮挡 采光好,肿瘤医院宿舍 ,2室1厅,64.75平米,东西,精装,中楼层(共6层),null,板楼
852,当代名筑 不临街 不把边 中间楼层 满五年,当代名筑 ,3室2厅,142.13平米,南北,精装,中楼层(共6层),2004年,板楼
853,榆垡新城嘉园B区/无遮挡/中间楼层,榆垡新城嘉园B区 ,2室1厅,79.7平米,南北,简装,中楼层(共9层),null,板楼
854,2006年电梯房 润千秋 中楼层 南北通透 全明3居 双明卫,润千秋佳苑 ,3室1厅,126.27平米,南北,精装,中楼层(共6层),null,板楼
855,东南两居室 边户型无遮挡 看房有钥匙 满五年一商品房,通惠家园 ,2室1厅,86.39平米,东南,简装,28层,2001年,板塔结合
856,动物园宿舍 2室1厅 南 北,动物园宿舍 ,2室1厅,57.19平米,南北,简装,高楼层(共6层),null,板楼
857,出小区就是地铁褡裢坡站，要近地铁两居的来，06年房,定福家园3号院 ,2室1厅,61.58平米,东北,简装,底层(共12层),null,板楼
858,建邦枫景 1室1厅 南,建邦枫景 ,1室1厅,57.35平米,南,简装,中楼层(共22层),2011年,板楼
859,广安门外大街305号8区.......,荣丰2008 ,1室1厅,30.56平米,东,精装,高楼层(共20层),null,塔楼
860,南北2居室，中间楼层，采光好，成诚心出售。,西马庄园 ,2室1厅,64.05平米,南北,简装,中楼层(共6层),null,板楼
861,未来上层 2室2厅 南 北,未来上层 ,2室2厅,93.17平米,南北,精装,高楼层(共13层),null,板楼
862,百万精装 景观国贸 老业主主动委托南北通透全明户型,棕榈泉国际公寓 ,3室2厅,192.6平米,南西北,精装,高楼层(共27层),null,板塔结合
863,南北通透，满五唯一，业主诚意出售。,慧忠里C区 ,1室1厅,46.83平米,南北,简装,高楼层(共6层),1990年,板楼
864,总监推荐，风雅园一区 全明格局三居室 业主急售,风雅园一区 ,3室1厅,116.71平米,西南,简装,顶层(共6层),1999年,板楼
865,70年产权住宅，户型方正没有浪费面积，中间楼层,后现代城B区 ,2室1厅,110.85平米,南,简装,中楼层(共14层),2004年,塔楼
866,电建南院低楼层 精装修两居 南北通透 诚心出售,电建南院 ,2室1厅,69.13平米,南北,精装,底层(共6层),1999年,板楼
867,四环内朝阳区 南北小三居 双地铁环绕,中海城香克林 ,3室1厅,100.1平米,南北,精装,10层,null,板楼
868,阳光城君山墅，是你成公人生，不需此生的标准,阳光城君山墅 ,4室2厅,383.44平米,南北,毛坯,2层,2010年,板楼
869,西直门 交大南门上园村 南北三居,上园村 ,3室1厅,64平米,南北,精装,底层(共6层),1983年,板楼
870,公园式社区保利茉莉公馆精装南北通透两居,保利茉莉公馆 ,2室1厅,88.64平米,南北,精装,27层,2011年,板楼
871,金隅泰和园 交通方便 视野好 采光好,金隅泰和园 ,2室1厅,81.29平米,南,精装,28层,2013年,板塔结合
872,融华世家 后排不临街 东边户 视野采光好,融华世家 ,3室1厅,169.05平米,东南北,精装,中楼层(共25层),null,板楼
873,西坝河北里全明格局两居室，满五唯一,西坝河北里 ,2室1厅,59.59平米,东北,简装,低楼层(共16层),1988年,塔楼
874,北苑家园绣菊园 3室1厅 东 南 北,北苑家园绣菊园 ,3室1厅,101.92平米,东南北,简装,高楼层(共14层),null,板楼
875,北二环外 精装修带客厅两居室  诚售,安德路47号院 ,2室1厅,60.25平米,东西,精装,6层,1990年,板楼
876,满五唯一 精装修 南北通透 中间楼层 不临街 无遮挡,双龙南里 ,2室1厅,55.5平米,南北,精装,中楼层(共6层),null,板楼
877,翠成馨园D区 满五唯一 南向大两居 看房方便 诚意出售,翠成馨园D区 ,2室1厅,97.06平米,东南,精装,中楼层(共28层),null,板楼
878,二期东向2居，全明户型，二次精装拎包可住,朝阳园 ,2室2厅,93.19平米,东,精装,29层,null,塔楼
879,南新园+店长主推+诚意出售+品质精装修,南新园 ,2室1厅,72.39平米,西南,精装,24层,null,塔楼
880,店长推荐：兴隆家园三期  中间位置一居  观花园,兴隆家园 ,1室1厅,64.04平米,西北,精装,22层,null,板塔结合
881,立城苑 2室1厅 南 北,立城苑 ,2室1厅,98.55平米,南北,简装,高楼层(共15层),null,板楼
882,长阳半岛1号院 明厨明卫 满五唯一 精装修 视野开阔,长阳半岛1号院 ,2室1厅,88.52平米,东南北,精装,中楼层(共21层),2012年,板塔结合
883,店长推荐半岛一号院 明厨明卫 满五唯一 随时签约房源,长阳半岛1号院 ,2室1厅,88.83平米,东南北,简装,高楼层(共21层),null,板塔结合
884,古城南路 2室1厅 南,古城南路 ,2室1厅,45.17平米,南,精装,高楼层(共6层),1977年,板楼
885,定福庄西街 2室1厅 南 北,定福庄西街 ,2室1厅,57.1平米,南北,简装,顶层(共6层),null,板楼
886,北街家园八区 5室1厅 南 北,北街家园八区 ,5室1厅,89.13平米,南北,精装,低楼层(共17层),null,板楼
887,宋家庄地铁站  两居室东南户型,宋家庄家园四区 ,2室1厅,68.26平米,东南,精装,低楼层(共29层),2010年,塔楼
888,果园 北机家属院 满五年唯一 精装修 二层,北机家属院 ,3室1厅,87.65平米,南北东,精装,中楼层(共4层),1962年,板楼
889,南北2居 没抵押没户口 满五唯一 中间楼层  官园首师大,帅府园 ,2室1厅,64.15平米,南北,简装,中楼层(共6层),1993年,板楼
890,金隅万科城三期 满五年唯一 优质好房,金隅万科城三期 ,3室1厅,110.85平米,南北,简装,低楼层(共6层),2014年,板塔结合
891,总监推荐 和平家园   两居室 南北通透,和平家园小区 ,2室1厅,89.38平米,南北,精装,低楼层(共12层),null,板楼
892,西直门 交大南门上园村 南北三居,上园村 ,3室1厅,64平米,南北,精装,底层(共6层),1983年,板楼
893,明日嘉园 人车分流, 近地铁 生活便利,明日嘉园 ,2室1厅,76.37平米,西,简装,高楼层(共24层),2003年,塔楼
894,顺驰领海 两居 中高楼层采光好,顺驰领海 ,2室1厅,64.59平米,西北,精装,高楼层(共15层),2007年,板楼
895,角门西瑞丽江畔南向三居室高楼层电梯房业主诚心出售,瑞丽江畔 ,3室2厅,119.21平米,南,精装,21层,2006年,塔楼
896,八里庄北里 南北通透 主力户型 两居室,八里庄北里 ,2室1厅,57.97平米,南北,精装,低楼层(共6层),1989年,板楼
897,正规二居全明格局满五唯一 中间,西上园二区 ,2室1厅,85.84平米,南北,精装,高楼层(共6层),2002年,板楼
898,电建南院低楼层 精装修两居 南北通透 诚心出售,电建南院 ,2室1厅,69.13平米,南北,精装,底层(共6层),1999年,板楼
899,石园南区 明厨明卫 南北通透 满五年唯一 诚心出售,石园南区 ,2室1厅,85.69平米,南北,简装,顶层(共6层),1993年,板楼
900,腾龙家园 精装1居 南向 采光好 中间楼层,腾龙家园二区 ,1室1厅,54.42平米,南,精装,6层,2007年,板楼
