1,品质电器优选商家,非自营,SINGFUN/先锋,中国大陆,大1匹,五级,,定频,大1匹 单冷定频 不包安装大1匹 单冷定频 包安装大1匹 冷暖定频 不包安装大1匹 冷暖定频 包安装大1.5匹 单冷定频 不包安装大1.5匹 单冷定频 包安装大1.5匹 冷暖定频 不包安装大1.5匹 冷暖定频 包安装大1.5匹 冷暖变频 不包安装大1.5匹 冷暖变频 包安装大2匹 冷暖变频 不包安装大2匹 冷暖变频 包安装大1.5匹 冷暖变频 语音 不包安装大1.5匹 冷暖变频 语音 包安装大2匹 冷暖变频 语音 不包安装大2匹 冷暖变频 语音 包安装大1.5匹 冷暖新风 语音 不包安装大1.5匹 冷暖新风 语音 包安装大2匹 冷暖新风 语音 不包安装大2匹 冷暖新风 语音 包安装大2匹 冷暖柜机 语音 不包安装大2匹 冷暖柜机 语音 包安装
2,观立旗舰店,自营,GUAE/观立,,1100W,202106-10-612500-55863184760554,16㎡-20㎡,定速,1匹单冷（送货入户）不含安装 1匹单冷（送货入户）包含安装 1匹冷暖（送货入户）不含安装 1匹冷暖（送货入户）包含安装 大1匹单冷（送货入户）不含安装 大1匹单冷（送货入户）包含安装 大1匹冷暖（送货入户）不含安装 大1匹冷暖（送货入户）包含安装 大1.5匹单冷（送货入户）不含安装 大1.5匹单冷（送货入户）包含安装 大1.5匹冷暖（送货入户）不含安装 大1.5匹冷暖（送货入户）包含安装
3,midea美的一米专卖店,自营,Midea/美的,中国大陆,,2匹一室一厅【全一级能效】 一室一厅【全一级能效】 二室一厅【全一级能效】 三室一厅【店长推荐/全一级能效】 四室一厅【全一级能效】 咨询客服/主播再享大额优惠,,,2匹一室一厅【全一级能效】 一室一厅【全一级能效】 二室一厅【全一级能效】 三室一厅【店长推荐/全一级能效】 四室一厅【全一级能效】 咨询客服/主播再享大额优惠
4,空调厂家实惠店,非自营,ZHIZHAHUAXIANGJI,中国大陆,大1.5匹,一级,,变频,一匹单冷全铜管（无安装）一匹单冷全铜管（基础安装）大一匹单冷全铜管（无安装）大一匹单冷全铜管（基础安装）大一匹冷暖全铜管（无安装）大一匹冷暖全铜管（基础安装）大1.5匹单冷全铜管（无安装）大1.5匹冷单冷全铜管（基础安装）大1.5匹冷暖全铜管（无安装）大1.5匹冷暖全铜管（基础安装）大1.5匹一级变频全铜管（无安装）大1.5匹一级变频全铜管（基础安装）大2匹冷暖全铜管（无安装）大2匹冷暖全铜管（基础安装）大2匹冷暖变频全铜管（无安装）大2匹冷暖变频全铜管（基础安装）1匹-铝管-内机-无安装
5,WOTK电器旗舰店,自营,WOTK,,800W,【单冷款】小1匹 | 升级铜管 | 质保十年 | 无安装 【单冷款】小1匹 | 升级铜管 | 质保十年 | 带安装 【单冷款】正1匹 | 升级铜管 | 质保十年 | 无安装 【单冷款】正1匹 | 升级铜管 | 质保十年 | 带安装 【冷暖款】正1匹 | 升级铜管 | 质保十年 | 无安装 【冷暖款】正1匹 | 升级铜管 | 质保十年 | 带安装 【单冷款】大1匹 | 升级铜管 | 质保十年 | 无安装 【单冷款】大1匹 | 升级铜管 | 质保十年 | 带安装 【冷暖款】大1匹 | 升级铜管 | 质保十年 | 无安装 【冷暖款】大1匹 | 升级铜管 | 质保十年 | 带安装 【单冷款】大1.5匹 | 升级铜管 | 质保十年 | 无安装 【单冷款】大1.5匹 | 升级铜管 | 质保十年 | 带安装 【冷暖款】大1.5匹 | 升级铜管 | 质保十年 | 无安装 【冷暖款】大1.5匹 | 升级铜管 | 质保十年 | 带安装 【冷暖款】大2匹 | 升级铜管 | 质保十年 | 无安装 【冷暖款】大2匹 | 升级铜管 | 质保十年 | 带安装 【变频款】大1匹 | 冷暖两用 | 一级能效 | 无安装 【变频款】大1匹 | 冷暖两用 | 一级能效 | 带安装 【变频款】大1.5匹 | 冷暖两用 | 一级能效 | 无安装 【变频款】大1.5匹 | 冷暖两用 | 一级能效 | 带安装,10㎡-15㎡,定频,【单冷款】小1匹 | 升级铜管 | 质保十年 | 无安装 【单冷款】小1匹 | 升级铜管 | 质保十年 | 带安装 【单冷款】正1匹 | 升级铜管 | 质保十年 | 无安装 【单冷款】正1匹 | 升级铜管 | 质保十年 | 带安装 【冷暖款】正1匹 | 升级铜管 | 质保十年 | 无安装 【冷暖款】正1匹 | 升级铜管 | 质保十年 | 带安装 【单冷款】大1匹 | 升级铜管 | 质保十年 | 无安装 【单冷款】大1匹 | 升级铜管 | 质保十年 | 带安装 【冷暖款】大1匹 | 升级铜管 | 质保十年 | 无安装 【冷暖款】大1匹 | 升级铜管 | 质保十年 | 带安装 【单冷款】大1.5匹 | 升级铜管 | 质保十年 | 无安装 【单冷款】大1.5匹 | 升级铜管 | 质保十年 | 带安装 【冷暖款】大1.5匹 | 升级铜管 | 质保十年 | 无安装 【冷暖款】大1.5匹 | 升级铜管 | 质保十年 | 带安装 【冷暖款】大2匹 | 升级铜管 | 质保十年 | 无安装 【冷暖款】大2匹 | 升级铜管 | 质保十年 | 带安装 【变频款】大1匹 | 冷暖两用 | 一级能效 | 无安装 【变频款】大1匹 | 冷暖两用 | 一级能效 | 带安装 【变频款】大1.5匹 | 冷暖两用 | 一级能效 | 无安装 【变频款】大1.5匹 | 冷暖两用 | 一级能效 | 带安装
6,hyundai现代空调旗舰店,自营,冰晶白 正1P单冷【500强品牌】顺丰入户 无安装 正1P单冷【500强品牌】顺丰入户 含安装 大1P单冷【500强品牌】顺丰入户 无安装 大1P单冷【500强品牌】顺丰入户 含安装 正1P冷暖【500强品牌】顺丰入户 无安装 正1P冷暖【500强品牌】顺丰入户 含安装 大1P冷暖【500强品牌】顺丰入户 无安装 大1P冷暖【500强品牌】顺丰入户 含安装 大1.5P单冷【500强品牌】顺丰入户 无安装 大1.5P单冷【500强品牌】顺丰入户 含安装 大1.5P冷暖【500强品牌】顺丰入户 无安装 大1.5P冷暖【500强品牌】顺丰入户 含安装 三级变频丨大1.5P冷暖丨顺丰入户丨无安装 三级变频丨大1.5P冷暖丨顺丰入户丨含安装 一级变频丨大1.5P冷暖丨顺丰入户丨无安装 一级变频丨大1.5P冷暖丨顺丰入户丨含安装 2P冷暖挂机【500强品牌】顺丰入户 无安装 2P冷暖挂机【500强品牌】顺丰入户 含安装 3P冷暖挂机【500强品牌】顺丰入户 无安装 3P冷暖挂机【500强品牌】顺丰入户 含安装,,1200W,202104-10-612500-32884534093116,14㎡-21㎡,定速,冰晶白 正1P单冷【500强品牌】顺丰入户 无安装 正1P单冷【500强品牌】顺丰入户 含安装 大1P单冷【500强品牌】顺丰入户 无安装 大1P单冷【500强品牌】顺丰入户 含安装 正1P冷暖【500强品牌】顺丰入户 无安装 正1P冷暖【500强品牌】顺丰入户 含安装 大1P冷暖【500强品牌】顺丰入户 无安装 大1P冷暖【500强品牌】顺丰入户 含安装 大1.5P单冷【500强品牌】顺丰入户 无安装 大1.5P单冷【500强品牌】顺丰入户 含安装 大1.5P冷暖【500强品牌】顺丰入户 无安装 大1.5P冷暖【500强品牌】顺丰入户 含安装 三级变频丨大1.5P冷暖丨顺丰入户丨无安装 三级变频丨大1.5P冷暖丨顺丰入户丨含安装 一级变频丨大1.5P冷暖丨顺丰入户丨无安装 一级变频丨大1.5P冷暖丨顺丰入户丨含安装 2P冷暖挂机【500强品牌】顺丰入户 无安装 2P冷暖挂机【500强品牌】顺丰入户 含安装 3P冷暖挂机【500强品牌】顺丰入户 无安装 3P冷暖挂机【500强品牌】顺丰入户 含安装
7,MyLloyd旗舰店,自营,MY LLOYD,,1080W,五级,15㎡-19㎡,定频,小一匹单冷铝管-【自行安装】 小一匹单冷铝管-【上门安装】 正一匹单冷强劲压缩机-【自行安装】 正一匹单冷强劲压缩机-【上门安装】 正一匹冷暖强劲压缩机-【自行安装】 正一匹冷暖强劲压缩机-【上门安装】 大一匹单冷强劲压缩机-【自行安装】 大一匹单冷强劲压缩机-【上门安装】 大一匹冷暖强劲压缩机-【自行安装】 大一匹冷暖强劲压缩机-【上门安装】 大1.5匹单冷强劲压缩机-【自行安装】 大1.5匹单冷强劲压缩机-【上门安装】 大1.5匹冷暖强劲压缩机-【自行安装】 大1.5匹冷暖强劲压缩机-【上门安装】 2匹冷暖强劲压缩机-【自行安装】 2匹冷暖强劲压缩机-【上门安装】 大一匹冷暖变频一级强劲压缩机-【自行安装】 大一匹冷暖变频一级强劲压缩机-【上门安装】 大1.5匹冷暖变频一级强劲压缩机-【自行安装】 大1.5匹冷暖变频一级强劲压缩机-【上门安装】
8,hyundai现代空调旗舰店,自营,HYUNDAI,,1200W,20230506-611100-46581683338880058,15㎡-22㎡,变频,大1P冷暖【变频一级能效】上门安装 大1.5P单冷【变频一级能效】上门安装 大1.5P冷暖【变频三级能效】上门安装 大1.5P冷暖【变频一级能效】上门安装 正1P单冷【六年质保】不含安装 正1P单冷【六年质保】上门安装 大1P单冷【六年质保】不含安装 大1P单冷【六年质保】上门安装 正1P冷暖【六年质保】不含安装 正1P冷暖【六年质保】上门安装 大1P冷暖【六年质保】不含安装 大1P冷暖【六年质保】上门安装 大1.5P单冷【六年质保】不含安装 大1.5P单冷【六年质保】上门安装 正1.5P冷暖【六年质保】不含安装 正1.5P冷暖【六年质保】上门安装 大1.5P冷暖【六年质保】不含安装 大1.5P冷暖【六年质保】上门安装 2P冷暖【六年质保】不含安装 2P冷暖【六年质保】上门安装 3P冷暖【六年质保】不含安装 3P冷暖【六年质保】上门安装
9,申花生活体验馆,非自营,申花,中国大陆,1000W,20231026-611100-99841698282090128,15㎡-22㎡,变频,大1匹单冷【三级变频】不含安装大1匹单冷【三级变频】含安装大1匹单冷【一级变频】不含安装大1匹单冷【一级变频】含安装大1匹冷暖【一级变频】不含安装大1匹冷暖【一级变频】含安装大1.5匹单冷【一级变频】不含安装大1.5匹单冷【一级变频】含安装大1.5匹冷暖【一级变频】不含安装大1.5匹冷暖【一级变频】含安装大1.5匹冷暖【三级变频】不含安装大1.5匹冷暖【三级变频】含安装大2匹单冷圆柱【三级变频】不含安装大2匹单冷圆柱【三级变频】含安装大2匹冷暖圆柱【一级变频】不含安装大2匹冷暖圆柱【一级变频】含安装大3匹冷暖圆柱【一级变频】不含安装大3匹冷暖圆柱【一级变频】含安装
10,,自营,RZIE/RZIE 印三凌,,780W,五级,16㎡-20㎡,变频,小1匹单冷/5平方内/铜管 全国联保 自行安装 小1匹单冷/5平方内/全国联保/铜管 带安装 一匹单冷/全国联保/十年质保/铜管/自行安装 一匹单冷/全国联保/十年质保/铜管/带安装 正一匹冷暖/全国联保/十年质保/铜管/自行安装 正一匹冷暖/全国联保/十年质保/铜管/带安装 大一匹单冷/全国联保/十年质保/铜管/自行安装 大一匹单冷/全国联保/十年质保/铜管/带安装 大一匹冷暖/全国联保/十年质保/铜管/自行安装 大一匹冷暖/全国联保/十年质保/铜管/带安装 大1.5p单冷/全国联保/十年质保/铜管/自行安装 大1.5p单冷/全国联保/十年质保/铜管/带安装 大1.5p冷暖/全国联保/十年质保/铜管/自行安装 大1.5p冷暖/全国联保/十年质保/铜管/带安装 大2匹冷暖/全国联保/十年质保/铜管/自行安装 大2匹冷暖/全国联保/十年质保/铜管/带安装 【一级变频】/大一匹冷暖/全国联保/十年质保/铜管/自行安装 【一级变频】/大一匹冷暖/全国联保/十年质保/铜管/带安装 【一级变频】/大1.5匹冷暖/全国联保/十年质保/铜管/自行安装 【一级变频】/大1.5匹冷暖/全国联保/十年质保/铜管/带安装 小一匹单冷-铝管-无外机-自行安装
11,泊林之风金樱专卖店,自营,泊林之风,,750W,★★★采用纯铜管★★★ ★★★10年全国联保★★★ ★★★嗮图奖励20元电费★★★ 【超省电】变频大1匹冷暖 ☆新一级能效☆十年质保☆上门安装 【超省电】变频大1.5匹冷暖 ☆新一级能效☆十年质保☆上门安装 【超省电】变频大2匹冷暖 ☆新一级能效☆十年质保☆上门安装 正1匹单冷☆GREE压缩机☆全铜管☆十年质保☆上门安装 大1匹单冷☆GREE压缩机☆全铜管☆十年质保☆上门安装 大1.5匹单冷☆GREE压缩机☆全铜管☆十年质保☆上门安装 正1匹冷暖☆GREE压缩机☆全铜管☆十年质保☆上门安装 大1匹冷暖☆GREE压缩机☆全铜管☆十年质保☆上门安装 大1.5匹冷暖☆GREE压缩机☆全铜管☆十年质保☆上门安装 【超省电】变频大1匹冷暖 ☆新一级能效☆十年质保☆自行安装 【超省电】变频大1.5匹冷暖 ☆新一级能效☆十年质保☆自行安装 正1匹单冷☆GREE压缩机☆全铜管☆十年质保☆自行安装 大1匹单冷☆GREE压缩机☆全铜管☆十年质保☆自行安装 大1.5匹单冷☆GREE压缩机☆全铜管☆十年质保☆自行安装 正1匹冷暖☆GREE压缩机☆全铜管☆十年质保 大1匹冷暖☆GREE压缩机☆全铜管☆十年质保☆自行安装 大1.5匹冷暖☆GREE压缩机☆全铜管☆十年质保☆自行安装 1匹单外机（无内机）丨无安装 【超省电】变频大2匹冷暖 ☆新一级能效☆十,11㎡-16㎡,变频,★★★采用纯铜管★★★ ★★★10年全国联保★★★ ★★★嗮图奖励20元电费★★★ 【超省电】变频大1匹冷暖 ☆新一级能效☆十年质保☆上门安装 【超省电】变频大1.5匹冷暖 ☆新一级能效☆十年质保☆上门安装 【超省电】变频大2匹冷暖 ☆新一级能效☆十年质保☆上门安装 正1匹单冷☆GREE压缩机☆全铜管☆十年质保☆上门安装 大1匹单冷☆GREE压缩机☆全铜管☆十年质保☆上门安装 大1.5匹单冷☆GREE压缩机☆全铜管☆十年质保☆上门安装 正1匹冷暖☆GREE压缩机☆全铜管☆十年质保☆上门安装 大1匹冷暖☆GREE压缩机☆全铜管☆十年质保☆上门安装 大1.5匹冷暖☆GREE压缩机☆全铜管☆十年质保☆上门安装 【超省电】变频大1匹冷暖 ☆新一级能效☆十年质保☆自行安装 【超省电】变频大1.5匹冷暖 ☆新一级能效☆十年质保☆自行安装 正1匹单冷☆GREE压缩机☆全铜管☆十年质保☆自行安装 大1匹单冷☆GREE压缩机☆全铜管☆十年质保☆自行安装 大1.5匹单冷☆GREE压缩机☆全铜管☆十年质保☆自行安装 正1匹冷暖☆GREE压缩机☆全铜管☆十年质保 大1匹冷暖☆GREE压缩机☆全铜管☆十年质保☆自行安装 大1.5匹冷暖☆GREE压缩机☆全铜管☆十年质保☆自行安装 1匹单外机（无内机）丨无安装 【超省电】变频大2匹冷暖 ☆新一级能效☆十
12,jhs电器旗舰店,自营,JHS,,大1.5匹,一级,15㎡-23㎡,变频,格力凌达压缩机1匹单冷【不含安装】【定频】 格力凌达压缩机1匹单冷【含基础安装】【定频】 格力凌达压缩机大1匹单冷【不含安装】【定频】 格力凌达压缩机大1匹单冷【含基础安装】【定频】 格力凌达压缩机大1匹冷暖【不含安装】【定频】 格力凌达压缩机大1匹冷暖【含基础安装】【定频】 格力凌达压缩机大1.5匹单冷【不含安装】【定频】 格力凌达压缩机大1.5匹单冷【含基础安装】【定频】 格力凌达压缩机大1.5匹冷暖【不含安装】【定频】 格力凌达压缩机大1.5匹冷暖【含基础安装】【定频】 格力凌达压缩机2匹冷暖【不含安装】【定频】 格力凌达压缩机2匹冷暖【含基础安装】【定频】 1.5匹冷暖新三级变频【不含安装】 1.5匹冷暖新三级变频【含基础安装】 1.5匹冷暖新一级变频【不含安装】 1.5匹冷暖新一级变频【含基础安装】 3匹冷暖【不含安装】【定频】 3匹冷暖【含基础安装】【定频】 全国联保 送货上门 厂家自提-谨慎下单【不含安装】
13,新飞空调直销店,非自营,Frestec/新飞,中国大陆,1000W,202106-10-611500-13027622089857,21㎡-30㎡,定速,1P单冷升级款自行安装（铝管）1P单冷升级款包安装（铝管）大1P单冷升级款自行安装（铜管）大1P单冷升级款（铜管）+包安装1.5P单冷升级款自行安装（铜管）1.5P单冷升级款（铜管）+包安装大1P冷暖升级款自行安装（铜管）大1P冷暖升级款（铜管）+ 包安装1.5P冷暖升级款自行安装（铜管）1.5P冷暖升级款（铜管）+包安装大1.5P冷暖升级款自行安装（铜管）大1.5P冷暖升级款(铜管)+包安装大1P冷暖变频节能抑菌款大1P冷暖变频节能抑菌款包安装大1.5P冷暖变频抑菌升级款大1.5P冷暖变频抑菌升级款包安装大1.5P冷暖变频节能抑菌款大1.5P冷暖变频节能抑菌款包安装2P冷暖变频抑菌升级款2P冷暖变频抑菌升级款包安装2P冷暖变频节能抑菌款2P冷暖变频节能抑菌款包安装3P冷暖变频节能抑菌款3P冷暖变频节能抑菌款包安装
14,三凌空调特价企业店,非自营,SANTOUBIAO,中国大陆,1.5匹,❤【咨询立减】【10年包修】咨询客服领取多重优惠 名额有限 下完即止大1匹单冷【不带安装】大一匹单冷【上门安装+10年包修】大一匹单冷一级能效【上门安装+10年包修】▶正1.5匹单冷|新三级定频【上门安装+全铜管】10年保修正1.5匹单冷|新五级定频【上门安装】大1.5匹单冷【不含安装】大1.5匹单冷【上门安装+10年包修】大1.5匹单冷一级能效【上门安装+10年包修】▶大1匹冷暖|新三级定频【上门安装+10年保修】大一匹冷暖【不含安装】10年保修大一匹冷暖【上门安装+10年保修】大一匹冷暖一级变频 【上门安装+10年保修】语音款▶大一匹冷暖一级变频 【上门安装+10年保修】▶正1.5匹冷暖|新三级定频【上门安装+纯铜管】10年保修正1.5匹冷暖|新五级定频【上门安装+10年保修】大1.5匹冷暖【不含安装+10年保修】大1.5匹冷暖【上门安装+10年保修】大1.5匹冷暖一级变频 【上门安装+10年包修】语音款▶大1.5匹冷暖一级变频 【上门安装+10年保修】大2匹冷暖新三级定频【上门安装+10年保修】大2匹冷暖一级变频【上门安装+10年包修】大3匹冷暖柜机【上门安装+10年保修】小1匹单冷【售后故障机】二手回收专用,,定速,❤【咨询立减】【10年包修】咨询客服领取多重优惠 名额有限 下完即止大1匹单冷【不带安装】大一匹单冷【上门安装+10年包修】大一匹单冷一级能效【上门安装+10年包修】▶正1.5匹单冷|新三级定频【上门安装+全铜管】10年保修正1.5匹单冷|新五级定频【上门安装】大1.5匹单冷【不含安装】大1.5匹单冷【上门安装+10年包修】大1.5匹单冷一级能效【上门安装+10年包修】▶大1匹冷暖|新三级定频【上门安装+10年保修】大一匹冷暖【不含安装】10年保修大一匹冷暖【上门安装+10年保修】大一匹冷暖一级变频 【上门安装+10年保修】语音款▶大一匹冷暖一级变频 【上门安装+10年保修】▶正1.5匹冷暖|新三级定频【上门安装+纯铜管】10年保修正1.5匹冷暖|新五级定频【上门安装+10年保修】大1.5匹冷暖【不含安装+10年保修】大1.5匹冷暖【上门安装+10年保修】大1.5匹冷暖一级变频 【上门安装+10年包修】语音款▶大1.5匹冷暖一级变频 【上门安装+10年保修】大2匹冷暖新三级定频【上门安装+10年保修】大2匹冷暖一级变频【上门安装+10年包修】大3匹冷暖柜机【上门安装+10年保修】小1匹单冷【售后故障机】二手回收专用
15,空调工厂批发,非自营,dejiangqiu,中国大陆,2000W,20230116-611300-93221673847330048,16㎡-20㎡,定速,大1P单冷【全国10年联保】 含安装大1P单冷保修10年不含安装大1匹冷暖不含安装保修十年大1P冷暖【全国10年联保】 含安装1匹单冷不保修不安装1匹冷暖一级变频无安装1匹冷暖一级变频包安装1.5单冷空调无安装1.5单冷空调包安装1.5冷暖空调不安装1.5冷暖空调包安装1.5冷暖一级变频不安装1.5冷暖一级变频包安装2匹冷暖空调不安装2匹冷暖空调包安装2匹冷暖一级变频不安装2匹冷暖一级变频包安装3匹冷暖空调不安装3匹冷暖空调包安装
16,月兔空调工厂店,非自营,月兔,中国大陆,1.5匹,一级,16㎡-20㎡,变频,大1匹单冷丨纯铜内管丨不含安装1大1匹单冷丨纯铜内管丨上门安装2大1.5匹单冷丨纯铜内管丨上门安装3大1匹冷暖丨纯铜内管丨上门安装4大1.5匹冷暖丨纯铜内管丨上门安装5大1.5匹冷暖全铜管变频新三级-上门安装/大1.5匹冷暖全铜管变频新一级-上门安装/大1.5匹冷暖语音款变频新一级-上门安装/大1匹单冷丨纯铜内管丨不含安装大1匹单冷丨纯铜内管丨上门安装大1.5匹单冷丨纯铜内管丨上门安装大1匹冷暖丨纯铜内管丨上门安装大1.5匹冷暖丨纯铜内管丨上门安装
17,东宝申花空调工厂直售,非自营,申花,中国大陆,3匹,五级,31㎡-40㎡,定速,大2匹单冷柜机【全铜管】送货入户-不含安装大2匹单冷柜机【全铜管】送货入户-上门安装大2匹冷暖柜机【全铜管】送货入户-不含安装大2匹冷暖柜机【全铜管】送货入户-上门安装大3匹单冷柜机【全铜管】送货入户-不含安装大3匹单冷柜机【全铜管】送货入户-上门安装大3匹冷暖柜机【全铜管】送货入户-不含安装大3匹冷暖柜机【全铜管】送货入户-上门安装【三级变频】大2匹单冷-不含安装-圆柱柜机【三级变频】大2匹单冷-上门安装-圆柱柜机【一级变频】大2匹冷暖-不含安装-圆柱柜机【一级变频】大2匹冷暖-上门安装-圆柱柜机【一级变频】大3匹冷暖-不含安装-圆柱柜机【一级变频】大3匹冷暖-上门安装-圆柱柜机大1.5匹单冷【全铜管】送货入户-不含安装大1.5匹单冷【全铜管】送货入户-上门安装大1.5匹冷暖【全铜管】送货入户-不含安装大1.5匹冷暖【全铜管】送货入户-上门安装大2匹冷暖【全铜管】送货入户-不含安装大2匹冷暖【全铜管】送货入户-上门安装大3匹冷暖【全铜管】送货入户-不含安装大3匹冷暖【全铜管】送货入户-上门安装大4匹冷暖【全铜管】送货入户-不含安装大4匹冷暖【全铜管】送货入户-上门安装
18,,非自营,东宝（家电）,中国大陆,大1.5匹,三级,,变频,1匹单冷全铜管送货上门1匹单冷全铜管送货上门+安装【三级变频】大1匹单冷送货上门【三级变频】大1匹单冷送货上门+安装【一级变频】大1匹单冷送货上门【一级变频】大1匹单冷送货上门+安装【一级变频】大1匹冷暖送货上门【一级变频】大1匹冷暖送货上门+安装【三级变频】大1.5匹冷暖送货上门【三级变频】大1.5匹冷暖送货上门+安装【一级变频】大1.5匹单冷送货上门【一级变频】大1.5匹单冷送货上门+安装【一级变频】大1.5匹冷暖送货上门【一级变频】大1.5匹冷暖送货上门+安装【三级变频】大2匹圆柱柜机送货上门【三级变频】大2匹圆柱柜机送货上门+安装【一级变频】大2匹冷暖圆柱柜机送货上门【一级变频】大2匹冷暖圆柱柜机送货上门+安装【一级变频】大3匹冷暖圆柱柜机送货上门【一级变频】大3匹冷暖圆柱柜机送货上门+安装
19,,非自营,Kelon/科龙,中国大陆,大1匹,大1匹单冷定频五级能效大1.5匹单冷定频五级能效大1匹冷暖变频三级能效大1.5匹冷暖变频三级能效【新款高颜值】大1匹冷暖变频一级能效【柔风感+静音16分贝+高节能】1.5匹冷暖变频一级能效【高性价比】大1.5匹冷暖变频一级能效【柔风感+静音16分贝+高节能】2024年新款-大1匹冷暖变频一级【上下左右扫风+16分贝静音】2024年新款-大1.5匹冷暖变频一级【上下左右扫风+16分贝静音】大1匹单冷定频五级能效【广东省内特价1399元】【限时限量抢购】大2匹冷暖变频一级能效【大风量大风口】,10㎡-15㎡,定速,大1匹单冷定频五级能效大1.5匹单冷定频五级能效大1匹冷暖变频三级能效大1.5匹冷暖变频三级能效【新款高颜值】大1匹冷暖变频一级能效【柔风感+静音16分贝+高节能】1.5匹冷暖变频一级能效【高性价比】大1.5匹冷暖变频一级能效【柔风感+静音16分贝+高节能】2024年新款-大1匹冷暖变频一级【上下左右扫风+16分贝静音】2024年新款-大1.5匹冷暖变频一级【上下左右扫风+16分贝静音】大1匹单冷定频五级能效【广东省内特价1399元】【限时限量抢购】大2匹冷暖变频一级能效【大风量大风口】
20,苏宁易购官方旗舰店,自营,威力,,大1.5匹,五级,17㎡-28㎡,定速,定频正1匹丨急速制冷丨无安装 定频正1匹丨急速制冷丨含安装 定频大1匹 | 自清洁 | 无安装 定频大1匹 | 自清洁 | 含安装 定频正1匹冷暖丨急速冷暖丨无安装 定频正1匹冷暖丨急速冷暖丨含安装 定频大1匹冷暖丨急速冷暖丨无安装 定频大1匹冷暖丨急速冷暖丨含安装 定频正1.5匹丨急速制冷丨无安装 定频正1.5匹丨急速制冷丨含安装 定频大1.5匹丨自清洁丨无安装 定频大1.5匹丨自清洁丨含安装 定频正1.5匹丨急速冷暖丨无安装 定频正1.5匹丨急速冷暖丨含安装 定频大1.5匹冷暖丨自清洁丨无安装 定频大1.5匹冷暖丨自清洁丨含安装 定频2匹冷暖丨10年质保丨无安装 定频2匹冷暖丨10年质保丨含安装 变频正1匹冷暖丨10年质保丨无含装 变频正1匹冷暖丨10年质保丨含安装 变频正1.5匹冷暖丨10年质保丨无安装 变频正1.5匹冷暖丨10年质保丨含安装
21,喵速达电器官方旗舰店,自营,Aucma/澳柯玛,,850W,202102-10-612100-08331782864614,15㎡-23㎡,变频,1.5匹冷暖│一级变频款│送入户│包安装 2匹冷暖圆柱机│语音功能│一级变频│送入户+安装 大1匹单冷│节能性价比款│送入户│包安装 大1.5匹单冷│节能性价比款│送入户│包安装 高配1.5P单冷│节能性价比款│送入户│包安装 高配1.5匹冷暖│柔风微风感│送入户│包安装 正2匹冷暖│一级变频款│送入户│包安装 高配1.5匹冷暖│语音功能款│送入户│包安装
22,喵速达电器官方旗舰店,自营,kmini,,1050W,20221031-611100-81791667196660040,10㎡-15㎡,变频,
23,苏宁易购官方旗舰店,自营,Shinco/新科,,2匹,大1匹单冷丨新五级能效 大1.5匹冷暖丨新三级变频 大1.5匹冷暖丨新一级变频 大1.5匹新风丨新一级能效 2匹挂机冷暖丨新三级变频 大3匹挂机冷暖丨新三级变频 正3匹挂机冷暖丨新三级变频 大2匹柜机冷暖丨新三级变频,21㎡-30㎡,变频,大1匹单冷丨新五级能效 大1.5匹冷暖丨新三级变频 大1.5匹冷暖丨新一级变频 大1.5匹新风丨新一级能效 2匹挂机冷暖丨新三级变频 大3匹挂机冷暖丨新三级变频 正3匹挂机冷暖丨新三级变频 大2匹柜机冷暖丨新三级变频
24,东宝申花空调工厂直售,非自营,东宝（家电）,中国大陆,1.5匹,五级,10㎡-15㎡,定速,正1匹单冷【全铜管】不含安装正1匹单冷【全铜管】上门安装正1匹冷暖【全铜管】不含安装正1匹冷暖【全铜管】上门安装大1匹单冷【全铜管】不含安装大1匹单冷【全铜管】上门安装大1匹冷暖【全铜管】不含安装大1匹冷暖【全铜管】上门安装大1.5匹单冷【全铜管】不含安装大1.5匹单冷【全铜管】上门安装大1.5匹冷暖【全铜管】不含安装大1.5匹冷暖【全铜管】上门安装【一级变频】大1P单冷丨不含安装丨节能升级【一级变频】大1P单冷丨上门安装丨节能升级【一级变频】大1P冷暖丨不含安装丨节能升级【一级变频】大1P冷暖丨上门安装丨节能升级【一级变频】大1.5P单冷丨不含安装丨节能升级【一级变频】大1.5P单冷丨上门安装丨节能升级【一级变频】大1.5P冷暖丨不含安装丨节能升级【一级变频】大1.5P冷暖丨上门安装丨节能升级2匹冷暖【全铜管】不含安装2匹冷暖【全铜管】上门安装3匹冷暖【全铜管】不含安装3匹冷暖【全铜管】上门安装
25,华蒜空调直卖授权店,非自营,华蒜,中国大陆,大1.5匹,一级,,变频,特价单冷【大1匹新三级】变频制冷省电爆款【大1.5匹新一级】变频冷暖省电爆款【大1匹新一级】变频冷暖性价比款【大1.5匹新三级】变频冷暖性价比款【大1匹新三级】变频冷暖大风量挂机【大2匹新三级】变频冷暖巨省电柜机【大2匹新一级】变频冷暖巨省电柜机【大3匹新一级】变频冷暖性价比柜机【大2匹新三级】变频冷暖性价比柜机【大3匹新三级】变频冷暖
26,新飞空调直销店,非自营,Frestec/新飞,中国大陆,955W,202106-10-611500-13027622089857,21㎡-30㎡,定速,1P单冷升级款自行安装（铝管）1P单冷升级款包安装（铝管）大1P单冷升级款（铜管）自行安装大1P单冷升级款（铜管）包安装1.5P单冷升级款（铜管）自行安装1.5P单冷升级款（铜管）包安装大1P冷暖升级款（铜管）自行安装大1P冷暖升级款（铜管） 包安装1.5P冷暖升级款（铜管）自行安装1.5P冷暖升级款（铜管） 包安装大1.5P冷暖升级款（铜管）自行安装大1.5P冷暖升级款（铜管）包安装大1.5P冷暖变频抑菌升级款自行安装大1.5P冷暖变频抑菌升级款包安装大1.5P冷暖变频节能抑菌款自行安装大1.5P冷暖变频节能抑菌款包安装2P冷暖变频抑菌款自行安装2P冷暖变频抑菌款包安装
27,东宝申花空调工厂直售,非自营,申花,中国大陆,大3匹,一级,,变频,【三级变频】大2匹单冷圆柱柜机送货入户-不含安装【三级变频】大2匹单冷圆柱柜机送货入户-上门安装【一级变频】大2匹冷暖圆柱柜机送货入户-不含安装【一级变频】大2匹冷暖圆柱柜机送货入户-上门安装【一级变频】大3匹冷暖圆柱柜机送货入户-不含安装【一级变频】大3匹冷暖圆柱柜机送货入户-上门安装大2匹单冷柜机【全铜管】送货入户-不含安装大2匹单冷柜机【全铜管】送货入户-上门安装大2匹冷暖柜机【全铜管】送货入户-不含安装大2匹冷暖柜机【全铜管】送货入户-上门安装大3匹单冷柜机【全铜管】送货入户-不含安装大3匹单冷柜机【全铜管】送货入户-上门安装大3匹冷暖柜机【全铜管】送货入户-不含安装大3匹冷暖柜机【全铜管】送货入户-上门安装2匹冷暖挂机【全铜管】送货入户-不含安装2匹冷暖挂机【全铜管】送货入户-上门安装
28,jhs电器旗舰店,自营,【新年冲量特惠】大一匹冷暖【含安装】 1匹单冷【品牌压缩机五年质保】【不含安装】 1匹单冷【品牌压缩机五年质保】【含安装】 大1匹单冷【品牌压缩机五年质保】【不含安装】 大1匹单冷【品牌压缩机五年质保】【含基础安装】 大1匹冷暖【品牌压缩机五年质保】【不含安装】 大1.5匹单冷【品牌压缩机五年质保】【不含安装】 大1.5匹单冷【品牌压缩机五年质保】【含安装】 大1.5匹冷暖【品牌压缩机五年质保】【不含安装】 大1.5匹冷暖【品牌压缩机五年质保】【含安装】 2匹冷暖【品牌压缩机五年质保】【不含安装】 2匹冷暖【品牌压缩机五年质保】【含安装】 1.5匹冷暖变频【品牌压缩机五年质保】【不含安装】 1.5匹冷暖变频【品牌压缩机五年质保】【含安装】 全国联保 顺丰联系客服 本空调采用格力凌达压缩机 3匹冷暖 1.5匹一级能效 空调单外机,,980W,20230905-611500-97651693875870070,15㎡-22㎡,定速,【新年冲量特惠】大一匹冷暖【含安装】 1匹单冷【品牌压缩机五年质保】【不含安装】 1匹单冷【品牌压缩机五年质保】【含安装】 大1匹单冷【品牌压缩机五年质保】【不含安装】 大1匹单冷【品牌压缩机五年质保】【含基础安装】 大1匹冷暖【品牌压缩机五年质保】【不含安装】 大1.5匹单冷【品牌压缩机五年质保】【不含安装】 大1.5匹单冷【品牌压缩机五年质保】【含安装】 大1.5匹冷暖【品牌压缩机五年质保】【不含安装】 大1.5匹冷暖【品牌压缩机五年质保】【含安装】 2匹冷暖【品牌压缩机五年质保】【不含安装】 2匹冷暖【品牌压缩机五年质保】【含安装】 1.5匹冷暖变频【品牌压缩机五年质保】【不含安装】 1.5匹冷暖变频【品牌压缩机五年质保】【含安装】 全国联保 顺丰联系客服 本空调采用格力凌达压缩机 3匹冷暖 1.5匹一级能效 空调单外机
29,KOSL叩上菱旗舰店,自营,KOSL/叩上菱,,780W,五级,10㎡-15㎡,定速,小1匹单冷【全铜管】10m²内-无安装服务 小1匹单冷【全铜管】10m²内-含安装服务 正1匹单冷【全铜管】12m²内-无安装服务 正1匹单冷【全铜管】12m²内-含安装服务 大1匹单冷【全铜管】15m²内-无安装服务 大1匹单冷【全铜管】15m²内-含安装服务 大1.5匹单冷【全铜管】25m²内-无安装服务 大1.5匹单冷【全铜管】25m²内-含安装服务 正1匹冷暖【全铜管】12m²内-无安装服务 正1匹冷暖【全铜管】12m²内-含安装服务 大1匹冷暖【全铜管】15m²内-无安装服务 大1匹冷暖【全铜管】15m²内-含安装服务 大1.5匹冷暖【全铜管】25m²内-无安装服务 大1.5匹冷暖【全铜管】25m²内-含安装服务 大1.5匹冷暖+变频【全铜管】25m²内-无安装服务 大1.5匹冷暖+变频【全铜管】25m²内-含安装服务 大2匹冷暖【全国保修十年】【自行安装】全铜管 大2匹冷暖【全国保修十年】【上门安装】全铜管 大1匹一级变频冷暖【全国保修十年】【自行安装】全铜管 大1匹一级变频冷暖【全国保修十年】【上门安装】全铜管
30,惠民批发大家电器,非自营,Frestec/新飞,中国大陆,1.5匹,一级,15㎡-22㎡,变频,1匹单冷-铝管-无安装1匹单冷-铝管-带安装1匹单冷【高配款】铜管-无安装-保十年1匹单冷【高配款】铜管-带安装-保十年大1匹单冷【高配款】铜管-无安装保十年大1匹单冷【高配款】铜管-安装保十年大1匹冷暖【高配款】铜管-无安装-保十年大1匹冷暖【高配款】铜管-带安装-保十年大1.5匹单冷【高配款】铜管-无安装-保十年大1.5匹单冷【高配款】铜管-带安装-保十年1.5匹冷暖【高配款】铜管-无安装-保十年1.5匹冷暖【高配款】铜管-带安装-保十年1.5匹冷暖-一级变频【高配款】铜管-无安装-保十年1.5匹冷暖-一级变频【高配款】铜管-带安装-保十年大1.5匹冷暖【高配款】铜管-无安装-保十年大1.5匹冷暖【高配款】铜管-带安装-保十年2匹冷暖-三级变频【高配款】铜管-无安装-保十年2匹冷暖-三级变频【高配款】铜管-带安装-保十年
31,东宝电器企业店,非自营,东宝（家电）,中国大陆,大1.5匹,五级,10㎡-15㎡,定速,正1匹单冷【6年联保】不含安装正1匹单冷【6年联保】当地上门安装正1匹冷暖【6年联保】不含安装正1匹冷暖【6年联保】当地上门安装大1匹单冷【6年联保】不含安装大1匹单冷【6年联保】当地上门安装大1匹冷暖【6年联保】不含安装大1匹冷暖【6年联保】当地上门安装1.5匹单冷【6年联保】不含安装1.5匹单冷【6年联保】当地上门安装1.5匹冷暖【6年联保】不含安装1.5匹冷暖【6年联保】当地上门安装【一级变频】大1P单冷丨不含安装丨节能升级【一级变频】大1P单冷丨上门安装丨节能升级【一级变频】大1P冷暖丨不含安装丨节能升级【一级变频】大1P冷暖丨上门安装丨节能升级【一级变频】大1.5P单冷丨不含安装丨节能升级【一级变频】大1.5P单冷丨上门安装丨节能升级【一级变频】大1.5P冷暖丨不含安装丨节能升级【一级变频】大1.5P冷暖丨上门安装丨节能升级大2匹冷暖【6年联保】不含安装大2匹冷暖【6年联保】当地上门安装大3匹冷暖【6年联保】不含安装大3匹冷暖【6年联保】当地上门安装
32,WIDEH旗舰店,自营,WIDEH/芜的,,780W,五级,16㎡-20㎡,变频,小1匹单冷/5平方内/铜管 全国联保 自行安装 小1匹单冷/5平方内/全国联保/铜管 带安装 一匹单冷/全国联保/十年质保/铜管/自行安装 一匹单冷/全国联保/十年质保/铜管/带安装 正一匹冷暖/全国联保/十年质保/铜管/自行安装 正一匹冷暖/全国联保/十年质保/铜管/带安装 大一匹单冷/全国联保/十年质保/铜管/自行安装 大一匹单冷/全国联保/十年质保/铜管/带安装 大一匹冷暖/全国联保/十年质保/铜管/自行安装 大一匹冷暖/全国联保/十年质保/铜管/带安装 大1.5p单冷/全国联保/十年质保/铜管/自行安装 大1.5p单冷/全国联保/十年质保/铜管/带安装 大1.5p冷暖/全国联保/十年质保/铜管/自行安装 大1.5p冷暖/全国联保/十年质保/铜管/带安装 大2匹冷暖/全国联保/十年质保/铜管/自行安装 大2匹冷暖/全国联保/十年质保/铜管/带安装 【一级变频】/大一匹冷暖/全国联保/十年质保/铜管/自行安装 【一级变频】/大一匹冷暖/全国联保/十年质保/铜管/带安装 【一级变频】/大1.5匹冷暖/全国联保/十年质保/铜管/自行安装 【一级变频】/大1.5匹冷暖/全国联保/十年质保/铜管/带安装 小一匹单冷-铝管-无外机-自行安装
33,,自营,JHS,,2600W,20230809-611500-60311691553360068,10㎡-15㎡,定速,大1P冷暖机丨不含安装 大1.5P匹冷暖丨天猫直装丨含安装 1P单冷丨不含安装 1P单冷丨天猫直装丨含安装 大1P单冷丨不含安装 大1P单冷丨天猫直装丨含安装 大1P冷暖丨天猫直装丨含安装 大1.5P单冷丨不含安装 大1.5P单冷丨天猫直装丨含安装 大1.5P冷暖丨不含安装 三级变频丨大1.5P冷暖丨不含安装 三级变频丨大1.5P冷暖丨天猫直装丨含安装 一级变频丨大1.5P冷暖丨不含安装 一级变频丨大1.5P冷暖丨天猫直装丨含安装 两匹冷暖丨不含安装 两匹冷暖丨天猫直装丨含安装
34,新飞空调直销店,非自营,Frestec/新飞,中国大陆,1000W,202106-10-611500-13027622089857,21㎡-30㎡,定速,1P单冷升级款自行安装（铝管）1P单冷升级款包安装（铝管）大1P单冷升级款自行安装（铜管）大1P单冷升级款（铜管）包安装1.5P单冷升级款自行安装（铜管）1.5P单冷升级款（铜管）包安装大1P冷暖升级款自行安装（铜管）大1P冷暖升级款（铜管）包安装1.5P冷暖升级款自行安装（铜管）1.5P冷暖升级款（铜管）包安装大1.5P冷暖升级款自行安装（铜管）大1.5P冷暖升级款（铜管）包安装大1.5P冷暖变频抑菌升级款大1.5P冷暖变频抑菌升级款包安装大1.5P冷暖变频节能抑菌款大1.5P冷暖变频节能抑菌款包安装2P冷暖变频抑菌升级款2P冷暖变频抑菌升级款包安装
35,喵速达电器官方旗舰店,自营,Royalstar/荣事达,,800W,202106-10-612500-27042823310419,10㎡-15㎡,定速,正1.5匹冷暖一级变频【安装+送货】质保十年 大1.5匹冷暖一级变频【安装+送货】质保十年 大1匹单冷【安装+送货】 质保十年 大1匹冷暖一级变频【安装+送货】 质保十年 1匹单冷【安装+送货】 质保十年 大2匹冷暖【安装+送货】 质保十年 1匹冷暖【安装+送货】 质保十年 大3匹冷暖【安装+送货】 质保十年 大1匹冷暖【安装+送货】 质保十年 大1.5匹单冷【安装+送货】质保十年 1.5匹冷暖【安装+送货】质保十年 大1.5匹冷暖【安装+送货】质保十年
36,喵速达电器官方旗舰店,自营,kmini,,0W,202201-10-611500-72817503523254,8㎡-13㎡,定速,
37,苏宁易购官方旗舰店,自营,东宝（家电）,,1200W,20231018-611100-90581697600490092,15㎡-22㎡,变频,大1匹单冷【三级节能】无安装-16㎡内 大1匹单冷【三级节能】含安装-16㎡内 大1匹单冷【一级节能】无安装-16㎡内 大1匹单冷【一级节能】含安装-16㎡内 大1匹冷暖【一级节能】无安装-16㎡内 大1匹冷暖【一级节能】含安装-16㎡内 大1.5匹单冷【一级变频】无安装-22㎡内 大1.5匹单冷【一级变频】含安装-22㎡内 大1.5匹冷暖【三级变频】无安装-22㎡内 大1.5匹冷暖【三级变频】含安装-22㎡内 大1.5匹冷暖【一级变频】无安装-22㎡内 大1.5匹冷暖【一级变频】含安装-22㎡内 大2匹单冷圆柱【三级变频】无安装-35㎡内 大2匹单冷圆柱【三级变频】含安装-35㎡内 大2匹冷暖圆柱【一级变频】无安装-35㎡内 大2匹冷暖圆柱【一级变频】含安装-35㎡内 大3匹冷暖圆柱【一级变频】无安装-45㎡内 大3匹冷暖圆柱【一级变频】含安装-45㎡内
38,鑫松扬空调品牌店,非自营,鑫松扬,中国大陆,大1.5匹,五级,21㎡-30㎡,定速,正1.5匹单冷｜不含安装｜AI巨省电正1.5匹单冷｜上门安装｜AI巨省电正1.5匹冷暖｜不含安装｜AI巨省电正1.5匹冷暖｜上门安装｜AI巨省电
39,东宝空调直销店,非自营,东宝（家电）,中国大陆,1300W,三级,,变频,一级变频大1匹单冷一级变频大1匹单冷款一级变频大1.5匹单冷一级变频大1.5匹单冷款一级变频大1匹冷暖一级变频大1匹冷暖款一级变频大1.5匹冷暖一级变频大1.5匹冷暖款正1匹单冷全铜管正1匹单冷款全铜管正1匹冷暖全铜管正1匹冷暖款全铜管大一匹单冷全铜管大一匹单冷款全铜管大一匹冷暖全铜管大一匹冷暖款全铜管大1.5匹单冷全铜管大1.5匹单冷款全铜管大1.5匹冷暖全铜管大1.5匹冷暖款全铜管2匹冷暖全铜管3匹冷暖全铜管
40,科龙官方旗舰店,自营,Kelon/科龙,,小1.5匹 大1.5匹 大1匹 1.5匹 2匹,一级 五级,10㎡-15㎡ 10㎡-17㎡ 16㎡-24㎡ 14㎡-22㎡ 20-32㎡,变频 定速,KF-26GW/QA1X-X5 大1匹白色 KFR-26GW/QS1-X1 大1匹白色 KFR-33GW/QJ1-X1 小1.5匹白色 KFR-35GW/QS1-X1 1.5匹白色 KFR-35GW/LV1-X1 大1.5匹白色 KFR-46GW/LV1-X1 2匹白色
41,鑫松扬空调品牌店,非自营,鑫松扬,中国大陆,1100W,GB 21455-2019,10㎡-15㎡,定速,正1匹单冷｜不含安装｜ins潮系正1匹单冷｜上门安装｜ins潮系大1匹单冷｜不含安装｜ins潮系大1匹单冷｜上门安装｜ins潮系大1匹pro单冷｜不含安装｜Ai巨省电大1匹pro单冷｜上门安装｜Ai巨省电正1匹冷暖｜不含安装｜AI巨省电正1匹冷暖｜上门安装｜AI巨省电大1匹冷暖｜不含安装｜AI巨省电大1匹冷暖｜上门安装｜AI巨省电大1.5匹单冷｜不含安装｜AI巨省电大1.5匹单冷｜上门安装｜AI巨省电大1.5匹冷暖｜不含安装｜AI巨省电大1.5匹冷暖｜上门安装｜AI巨省电
42,申花东宝空调专业店,非自营,东宝（家电）,中国大陆,大1.5匹,五级,10㎡-15㎡,定速,正1P单冷【全铜管】送货入户-无安装正1P单冷【全铜管】送货入户-当地上门安装正1P冷暖【全铜管】送货入户-无安装正1P冷暖【全铜管】送货入户-当地上门安装大1P单冷【全铜管】送货入户-无安装大1P单冷【全铜管】送货入户-当地上门安装【一级变频】大1P单冷【全铜管】送货入户-不含安装【一级变频】大1P单冷【全铜管】送货入户-当地上门安装大1P冷暖【全铜管】送货入户-无安装大1P冷暖【全铜管】送货入户-当地上门安装【一级变频】大1P冷暖【全铜管】送货入户-不含安装【一级变频】大1P冷暖【全铜管】送货入户-当地上门安装大1.5P单冷【全铜管】送货入户-无安装大1.5P单冷【全铜管】送货入户-当地上门安装【一级变频】大1.5P单冷【全铜管】送货入户-不含安装【一级变频】大1.5P单冷【全铜管】送货入户-当地上门安装大1.5P冷暖【全铜管】送货入户-无安装大1.5P冷暖【全铜管】送货入户-当地上门安装【一级变频】大1.5P冷暖【全铜管】送货入户-不含安装【一级变频】大1.5P冷暖【全铜管】送货入户-当地上门安装2P冷暖挂机【全铜管】送货入户-无安装2P冷暖挂机【全铜管】送货入户-当地上门安装3P冷暖挂机【全铜管】送货入户-无安装3P冷暖挂机【全铜管】送货入户-当地上门安装
43,,非自营,申花,中国大陆,大1.5匹,五级,,定速,正1匹单冷 六年联保 无安装正1匹单冷 六年联保 含安装正1匹冷暖 六年联保 无安装正1匹冷暖 六年联保 含安装大1匹单冷 六年联保 无安装大1匹单冷 六年联保 含安装大1匹冷暖 六年联保 无安装大1匹冷暖 六年联保 含安装大1.5匹单冷 六年联保 无安装大1.5匹单冷 六年联保 含安装大1.5匹冷暖 六年联保 无安装大1.5匹冷暖 六年联保 含安装2匹冷暖挂机 六年联保 无安装2匹冷暖挂机 六年联保 含安装3匹冷暖挂机 六年联保 无安装3匹冷暖挂机 六年联保 含安装4匹冷暖挂机 六年联保 无安装4匹冷暖挂机 六年联保 含安装
44,夏季东宝申花空调店,非自营,申花,中国大陆,大1.5匹,一级,16㎡-20㎡,变频,【出租屋首选 】大1.5p冷暖定频 节能省电-不含安装【出租屋首选 】大1.5p冷暖定频 节能省电-包含安装【适合广东地区】【一级变频】大1p单冷 全铜管-不含安装【适合广东地区】【一级变频】大1p单冷 全铜管-包含安装【一级变频】正1p单冷 顺丰入户 全铜管-不含安装【一级变频】正1p单冷 顺丰入户 全铜管-包含安装【一级变频】大1p冷暖 顺丰入户 全铜管-不含安装【一级变频】大1p冷暖 顺丰入户 全铜管-包含安装【一级变频】大1.5p单冷 顺丰入户 全铜管-不含安装【一级变频】大1.5p单冷 顺丰入户 全铜管-包含安装【一级变频】大1.5p冷暖 顺丰入户 全铜管-不含安装【一级变频】大1.5p冷暖 顺丰入户 全铜管-包含安装正1p冷暖定频 节能省电 全铜管-不含安装正1p冷暖定频 节能省电 全铜管-包含安装大1p冷暖定频 节能省电 全铜管-不含安装大1p冷暖定频 节能省电 全铜管-包含安装大1.5p单冷定频 【适合广东地区】-不含安装大1.5p单冷定频 【适合广东地区】-包含安装【不推荐】正1p单冷五级定频-不含安装【不推荐】大1p单冷五级定频-不含安装正1p单冷五级定频-含基础安装大1p单冷五级定频-含基础安装2p冷暖定频挂机-包含安装3p冷暖定频挂机-包含安装
45,东宝申花空调工厂直售,非自营,东宝（家电）,中国大陆,800W,202105-10-612500-78011603471193,10㎡-15㎡,定速,正IP单冷【不带安装】正IP单冷【带安装】正IP冷暖【不带安装】正IP冷暖【带安装】大IP单冷【不带安装】大IP单冷【带安装】大IP冷暖【不带安装】大IP冷暖【带安装】大I.5P单冷【不带安装】大I.5P单冷【带安装】大I.5P冷暖【不带安装】大I.5P冷暖【带安装】【一级变频】大1P单冷【不带安装】【一级变频】大1P单冷【带安装】【一级变频】大1P冷暖【不带安装】【一级变频】大1P冷暖【带安装】【一级变频】大1.5P单冷【不带安装】【一级变频】大1.5P单冷【带安装】【一级变频】大1.5P冷暖【不带安装】【一级变频】大1.5P冷暖【带安装】大2P冷暖挂机【不带安装】大2P冷暖挂机【带安装】大3P冷暖挂机【不带安装】大3P冷暖挂机【带安装】
46,新飞工业空调工厂店,非自营,新飞,,,无,,,单管小1匹【赠送风管】单管大1匹【赠送风管】双管正2匹【赠送风管】双管大2匹【赠送风管】三管大3匹【赠送风管】
47,志 高 空 调,非自营,Chigo/志高,中国大陆,1.5匹,1匹单冷全铜管-新节能省电款大1匹单冷全铜管-新节能省电款大1匹冷暖全铜管-变频新一级能效大1匹冷暖全铜管-变频新三级能效大1.5P单冷全铜管-新节能省电款大1.5匹冷暖全铜管-新节能省电款大1.5匹冷暖全铜管-变频新三级能效大1.5匹冷暖全铜管-变频新一级能效大2匹单冷全铜管-新节能省电款大2匹冷暖全铜管-变频新三级能效圆柜大2匹冷暖全铜管-变频新一级能效圆柜大3P冷暖全铜管-变频新三级能效方柜大3P冷暖全铜管-变频新三级能效,22㎡-34㎡,变频,1匹单冷全铜管-新节能省电款大1匹单冷全铜管-新节能省电款大1匹冷暖全铜管-变频新一级能效大1匹冷暖全铜管-变频新三级能效大1.5P单冷全铜管-新节能省电款大1.5匹冷暖全铜管-新节能省电款大1.5匹冷暖全铜管-变频新三级能效大1.5匹冷暖全铜管-变频新一级能效大2匹单冷全铜管-新节能省电款大2匹冷暖全铜管-变频新三级能效圆柜大2匹冷暖全铜管-变频新一级能效圆柜大3P冷暖全铜管-变频新三级能效方柜大3P冷暖全铜管-变频新三级能效
48,midea美的一米专卖店,自营,Midea/美的,中国大陆,,2匹一室一厅【全一级能效】 一室一厅【全一级能效】 二室一厅【全一级能效】 三室一厅【店长推荐/全一级能效】 四室一厅【全一级能效】 咨询客服/主播再享大额优惠,,,2匹一室一厅【全一级能效】 一室一厅【全一级能效】 二室一厅【全一级能效】 三室一厅【店长推荐/全一级能效】 四室一厅【全一级能效】 咨询客服/主播再享大额优惠
49,喵速达电器官方旗舰店,自营,华凌,,1050W,202004-10-612100-71513798997212,15-23㎡,变频,
50,东宝申花空调大家电,非自营,东宝（家电）,中国大陆,大1.5匹,正1匹单冷【全铜管】-不含安装正1匹单冷【全铜管】-上门安装大1匹单冷【全铜管】-不含安装大1匹单冷【全铜管】-上门安装正1匹冷暖【全铜管】-不含安装正1匹冷暖【全铜管】-上门安装大1匹冷暖【全铜管】-不含安装大1匹冷暖【全铜管】-上门安装大1.5匹单冷【全铜管】-不含安装大1.5匹单冷【全铜管】-上门安装大1.5匹冷暖【全铜管】-不含安装大1.5匹冷暖【全铜管】-上门安装【一级能效】大1匹冷暖变频-不含安装【一级能效】大1匹冷暖变频-上门安装【一级能效】大1.5匹单冷变频-不含安装【一级能效】大1.5匹单冷变频-上门安装【一级能效】大1.5匹冷暖变频-不含安装【一级能效】大1.5匹冷暖变频-上门安装2匹冷暖【全铜管】强劲冷暖-不含安装2匹冷暖【全铜管】强劲冷暖-上门安装3匹冷暖【全铜管】强劲冷暖-不含安装3匹冷暖【全铜管】强劲冷暖-上门安装4匹冷暖【全铜管】强劲冷暖-不含安装4匹冷暖【全铜管】强劲冷暖-上门安装,10㎡-15㎡,变频,正1匹单冷【全铜管】-不含安装正1匹单冷【全铜管】-上门安装大1匹单冷【全铜管】-不含安装大1匹单冷【全铜管】-上门安装正1匹冷暖【全铜管】-不含安装正1匹冷暖【全铜管】-上门安装大1匹冷暖【全铜管】-不含安装大1匹冷暖【全铜管】-上门安装大1.5匹单冷【全铜管】-不含安装大1.5匹单冷【全铜管】-上门安装大1.5匹冷暖【全铜管】-不含安装大1.5匹冷暖【全铜管】-上门安装【一级能效】大1匹冷暖变频-不含安装【一级能效】大1匹冷暖变频-上门安装【一级能效】大1.5匹单冷变频-不含安装【一级能效】大1.5匹单冷变频-上门安装【一级能效】大1.5匹冷暖变频-不含安装【一级能效】大1.5匹冷暖变频-上门安装2匹冷暖【全铜管】强劲冷暖-不含安装2匹冷暖【全铜管】强劲冷暖-上门安装3匹冷暖【全铜管】强劲冷暖-不含安装3匹冷暖【全铜管】强劲冷暖-上门安装4匹冷暖【全铜管】强劲冷暖-不含安装4匹冷暖【全铜管】强劲冷暖-上门安装
51,,非自营,万宝,国内,大1.5匹,,10㎡-40㎡,定频,1匹单冷 小型卧室【适用5m²】1匹急速单冷【适用8m²】升级大1匹强劲单冷【适用10m²】1.5匹急速单冷【适用15m²】热荐 升级大1.5匹 强劲单冷【适用20m²】大1.5匹 强劲冷暖两用【适用20m²】2匹强劲单冷【适用25m²】大空间推荐 2匹强劲单冷【适用25m²】移动空调排风管
52,,非自营,申花,中国大陆,3匹,五级,31㎡-40㎡,定速,大2p单冷 【联保6年】 全铜管-不含安装大2p单冷 【联保6年】 全铜管-包含安装大2p冷暖 【联保6年】 全铜管-不含安装大2p冷暖 【联保6年】 全铜管-包含安装大3p单冷 【联保6年】 全铜管-不含安装大3p单冷 【联保6年】 全铜管-包含安装大3p冷暖 【联保6年】 全铜管-不含安装大3p冷暖 【联保6年】 全铜管-包含安装
53,威力空调旗舰店,自营,威力,,大1.5匹,五级,17㎡-28㎡,定速,正1匹单冷【十年质保】-无安装服务 正1匹单冷【十年质保】-含基础安装 大1匹单冷【十年质保】-无安装服务 大1匹单冷【十年质保】-含基础安装 正1匹冷暖【十年质保】-无安装服务 正1匹冷暖【十年质保】-含基础安装 大1匹冷暖【十年质保】-无安装服务 大1匹冷暖【十年质保】-含基础安装 正1.5匹单冷【十年质保】-无安装服务 正1.5匹单冷【十年质保】-含基础安装 大1.5匹单冷【十年质保】-无安装服务 大1.5匹单冷【十年质保】-含基础安装 正1.5匹冷暖【十年质保】-无安装服务 正1.5匹冷暖【十年质保】-含基础安装 大1.5匹冷暖【十年质保】-无安装服务 大1.5匹冷暖【十年质保】-含基础安装 正2匹冷暖【十年质保】-无安装服务 正2匹冷暖【十年质保】-含基础安装 变频正1匹冷暖【十年质保】-无安装服务 变频正1匹冷暖【十年质保】-含基础安装 变频正1.5匹冷暖【十年质保】-无安装服务 变频正1.5匹冷暖【十年质保】-含基础安装 配件（咨询）
54,,非自营,东宝（家电）,中国大陆,大1.5匹,五级,10㎡-15㎡,定速,正1匹单冷 -节能空调丨定频正1匹冷暖-节能空调丨定频丨全铜管大1匹单冷-节能空调丨定频丨全铜管大1匹冷暖-节能空调丨定频丨全铜管大1.5匹单冷-节能空调丨定频丨全铜管大1.5匹冷暖-节能空调丨定频丨全铜管大2匹冷暖-节能空调丨定频丨全铜管大3匹冷暖全铜管-节能空调丨定频丨全铜管大4匹冷暖挂机-节能空调丨定频丨全铜管【三级变频】大1匹单冷全铜管-丨节能升级【一级变频】大1匹单冷全铜管丨节能升级【一级变频】大1匹冷暖全铜管丨节能升级【一级变频】大1.5匹单冷全铜管丨节能升级【三级变频】大1.5匹冷暖全铜管-丨节能升级【一级变频】大1.5匹冷暖全铜管丨节能升级【三级变频】大2匹单冷全铜管丨圆柱款丨节能升级【一级变频】大二匹冷暖全铜管丨圆柱款丨节能升级【一级变频】大三匹冷暖全铜管丨圆柱款丨节能升级
55,东宝空调店,非自营,东宝（家电）,中国大陆,大1.5匹,【一级能效】大1匹单冷变频-包含安装【一级能效】大1匹单冷变频-不含安装【一级能效】大1匹冷暖变频-包含安装【一级能效】大1匹冷暖变频-不含安装【一级能效】大1.5匹单冷变频-包含安装【一级能效】大1.5匹单冷变频-不含安装【一级能效】大1.5匹冷暖变频-包含安装【一级能效】大1.5匹冷暖变频-不含安装【五级能效】正1匹单冷定频-包含安装【五级能效】正1匹单冷定频-不含安装,15㎡-23㎡,变频,【一级能效】大1匹单冷变频-包含安装【一级能效】大1匹单冷变频-不含安装【一级能效】大1匹冷暖变频-包含安装【一级能效】大1匹冷暖变频-不含安装【一级能效】大1.5匹单冷变频-包含安装【一级能效】大1.5匹单冷变频-不含安装【一级能效】大1.5匹冷暖变频-包含安装【一级能效】大1.5匹冷暖变频-不含安装【五级能效】正1匹单冷定频-包含安装【五级能效】正1匹单冷定频-不含安装
56,东宝空调直销店,非自营,东宝（家电）,中国大陆,1000W,202105-10-612300-01782671695523,15㎡-19㎡,变频,申花正1匹单冷款全铜管 不含安装申花正1匹单冷全铜管 提供安装申花正1匹冷暖全铜管 不含安装申花正1匹冷暖款全铜管 提供安装申花大1匹单冷全铜管 不含安装申花大1匹单冷款全铜管 提供安装申花大1匹冷暖全铜管 不含安装申花大1匹冷暖款全铜管 提供安装申花变频一级大1匹冷暖全铜管 不含安装申花变频一级大1匹冷暖款全铜管 提供安装申花大1.5匹单冷全铜管 不含安装申花大1.5匹单冷款全铜管 提供安装申花大1.5匹冷暖全铜管 不含安装申花大1.5匹冷暖款全铜管 提供安装申花变频三级大1.5匹冷暖全铜管 不含安装申花变频三级大1.5匹冷暖款全铜管 提供安装申花变频一级大1.5匹单冷全铜管 不含安装申花变频一级大1.5匹单冷款全铜管 提供安装申花变频一级大1.5匹冷暖全铜管 不含安装申花变频一级大1.5匹冷暖款全铜管 提供安装申花变频一级大1匹单冷 不含安装申花变频一级大1匹单冷 提供安装
57,空调直售店,非自营,金正,中国大陆,1.5匹,无,21㎡-30㎡,定速,大一匹冷暖变频1级【不含安装】大一匹冷暖变频1级【上门安装】大1.5匹变频1级冷暖 铜管【不含安装】大1.5匹变频1级冷暖 铜管【上门安装】1匹单冷（铝管）【不含安装】1匹单冷（铝管）【上门安装】大1匹单冷（铜管）【不含安装】大1匹单冷（铜管）【上门安装】1.5匹单冷（铜管）【不含安装】1.5匹单冷（铜管）【上门安装】大1.5匹单冷（铜管）【不含安装】大1.5匹单冷（铜管）【上门安装】2匹单冷（铜管）【不含安装】2匹单冷（铜管）【上门安装】1匹冷暖（铜管）【不含安装】1匹冷暖（铜管）【上门安装】大1匹冷暖（铜管）【不含安装】大1匹冷暖（铜管）【上门安装】1.5冷暖（铜管）【不含安装】1.5冷暖（铜管）【上门安装】大1.5匹冷暖（铜管）【不含安装】大1.5匹冷暖（铜管）【上门安装】2匹变频冷暖1级（铜管）【不含安装】2匹变频冷暖1级（铜管）【上门安装】
58,天天特卖工厂店,自营,万宝,,1050W,20220302-611100-8233245361473138,15㎡-19㎡,变频,1匹单冷-铜管-基础安装 1.5匹单冷-铜管-基础安装 大1匹冷暖-五级能效-铜管-基础安装 1.5匹冷暖-三级能效-铜管-基础安装 大1匹冷暖--一级能效-铜管-基础安装 1.5匹冷暖-一级能效-铜管-基础安装 大1匹松下压缩机--一级能效-铜管-基础安装 1.5匹松下压缩机--一级能效-铜管-基础安装
59,东宝申花空调工厂批发,非自营,申花,中国大陆,810W,20231026-611100-99841698282090128,16㎡-20㎡,变频,正1P单冷【联保六年】节能空调丨不含安装正1P单冷【联保六年】节能空调丨上门安装【一级变频】 正1匹单冷六年联保-不含安装【一级变频】 正1匹单冷六年联保-上门安装正1P冷暖【联保六年】节能空调丨不含安装正1P冷暖【联保六年】节能空调丨上门安装大1P单冷【联保六年】节能空调丨不含安装大1P单冷【联保六年】节能空调丨上门安装【一级变频】 大1匹单冷六年联保-不含安装【一级变频】 大1匹单冷六年联保-上门安装大1P冷暖【联保六年】节能空调丨不含安装大1P冷暖【联保六年】节能空调丨上门安装【一级变频】 大1匹冷暖六年联保-不含安装【一级变频】 大1匹冷暖六年联保-上门安装大1.5P单冷【联保六年】节能空调丨不含安装大1.5P单冷【联保六年】节能空调丨上门安装【一级变频】 大1.5匹单冷六年联保-不含安装【一级变频】 大1.5匹单冷六年联保-上门安装大1.5P冷暖【联保六年】节能空调丨不含安装大1.5P冷暖【联保六年】节能空调丨上门安装【一级变频】 大1.5匹冷暖六年联保-不含安装【一级变频】 大1.5匹冷暖六年联保-上门安装【三级变频】 大1.5P冷暖变频丨节能新升级丨不含安装【三级变频】 大1.5P冷暖变频丨节能新升级丨上门安装
60,苏宁易购官方旗舰店,自营,Shinco/新科,,0W,五级,,定速,单冷机丨大1匹丨五级定频
61,苏宁易购官方旗舰店,自营,CL,,700W,20220310-611500-5769409381045966,10㎡-15㎡,定速,正1匹单冷（纯铜管/六年质保）不含安装 正1匹单冷（纯铜管/六年质保）含安装 大1匹单冷（纯铜管/顺丰发货）含安装 正1匹冷暖（纯铜管/顺丰发货）含安装 大1匹冷暖（纯铜管/顺丰发货）含安装 正1.5匹单冷（纯铜管/顺丰发货）含安装 大1.5匹单冷（纯铜管/顺丰发货）含安装 正1.5匹冷暖（纯铜管/顺丰发货）含安装 大1.5匹冷暖（纯铜管/顺丰发货）含安装
62,苏宁易购官方旗舰店,自营,Airmate/艾美特,国内,1.5匹,,10㎡-40㎡,定频,【收藏加购下单】优先发货★晒图奖励30元 【小1匹单冷】1300W制冷量★升级压缩机★免安装 【1匹单冷】1500W制冷量★升级压缩机★免安装 【大1匹单冷】1800W制冷量★升级压缩机★免安装 【大1匹强效冷】2050W制冷量★升级压缩机★免安装 【小1.5匹单冷】2600W制冷量★2024年新款★送货入户 【1.5匹单冷】2500W制冷量★2024年新款★送货入户 【1.5匹冷暖】2500W制冷量★2024年新款★送货入户 【大1.5匹单冷】3200W制冷量★2024年新款★送货入户 【大1.5匹冷暖】3200W制冷量★2024年新款★送货入户 【大2匹单冷】制冷效率提升70%♦制冷量提升75% 【大2匹冷暖】制冷效率提升70%♦制冷量提升75%
63,苏宁易购官方旗舰店,自营,Chigo/志高,国内,1350W,,11-15㎡,定频,小1匹急速单冷 1匹急速单冷 大1匹急速单冷 1.5匹急速单冷 大1.5匹急速单冷 1.5匹冷暖两用 大1.5匹冷暖两用 2匹急速单冷 大2匹急速单冷 2匹冷暖两用 大2匹冷暖两用
64,苏宁易购官方旗舰店,自营,小鸭牌,,1.5匹,202107-10-611500-33986178216319,,变频,正1P单冷（特价款）-送货入户-不含安装 正1P单冷（全铜管）-送货入户-上门安装 正1P单冷（全铜管）-送货入户-不含安装 正1P冷暖（全铜管）-送货入户-上门安装 正1P冷暖（全铜管）-送货入户-不含安装 正1.5P单冷（全铜管）-送货入户-上门安装 正1.5P单冷（全铜管）-送货入户-不含安装 正1.5P冷暖（全铜管）-送货入户-上门安装 新升级-大1P单冷（全铜管）-送货入户-上门安装 新升级-大1P单冷（全铜管）-送货入户-不含安装 新升级-大1P冷暖（全铜管）-送货入户-上门安装 新升级-大1P冷暖（全铜管）-送货入户-不含安装 新升级-大1.5P单冷（全铜管）-送货入户-上门安装 新升级-大1.5P单冷（全铜管）-送货入户-不含安装 新升级-大1.5P冷暖（全铜管）-送货入户-上门安装 新升级-大1.5P冷暖（全铜管）-送货入户-不含安装 一级变频-大1.5P冷暖（全铜管）-送货入户-上门安装 一级变频-大1.5P冷暖（全铜管）-送货入户-不含安装 变频节能-大1P冷暖（全铜管）-送货入户-上门安装 变频节能-大1P冷暖（全铜管）-送货入户-不含安装 变频节能-大1.5P冷暖（全铜管）-送货入户-上门安装 变频节能-大1.5P冷暖（全铜管）-送货入户-不含安装 大2P冷暖（全铜管）-送货入户-上门安装 大2P冷暖（全铜管）-送货入户-不含安装
65,喵速达电器官方旗舰店,自营,华蒜,,大1.5匹,一级,16㎡-20㎡,变频,
66,夏季东宝申花空调店,非自营,东宝（家电）,中国大陆,800W,202105-10-612500-97351809853320,31㎡-40㎡,定速,【适用8-10㎡】正1p单冷-无安装【适用8-10㎡】正1p单冷-含安装【适用8-10㎡】正1p冷暖-无安装【适用8-10㎡】正1p冷暖-含安装【适用10-15㎡】大1p单冷-无安装【适用10-15㎡】大1p单冷-含安装【适用10-15㎡】大1p冷暖-无安装【适用10-15㎡】大1p冷暖-含安装【适用14-21㎡】大1.5p单冷-无安装【适用14-21㎡】大1.5p单冷-含安装【适用14-21㎡】大1.5p冷暖-无安装【适用14-21㎡】大1.5p冷暖-含安装【适用14-21㎡】1.5p冷暖变频-无安装【适用14-21㎡】1.5p冷暖变频-含安装【适用20-32㎡】大2p冷暖-无安装【适用20-32㎡】大2p冷暖-含安装【适用27-45㎡】大3p冷暖-无安装【适用27-45㎡】大3p冷暖-含安装【适用50-70㎡】大4p冷暖-无安装【适用50-70㎡】大4p冷暖-含安装
67,申花空调旗舰店,自营,申花,,1200W,20231026-611100-99841698282090128,15㎡-19㎡,变频,【一级变频】大1P单冷丨节能升级丨无安装 【一级变频】大1P单冷丨节能升级丨含安装 【三级变频】大1P单冷丨节能升级丨无安装 【三级变频】大1P单冷丨节能升级丨含安装 【一级变频】大1P冷暖丨节能升级丨无安装 【一级变频】大1P冷暖丨节能升级丨含安装 【一级变频】大1.5P单冷丨节能升级丨无安装 【一级变频】大1.5P单冷丨节能升级丨含安装 【一级变频】大1.5P冷暖丨节能升级丨无安装 【一级变频】大1.5P冷暖丨节能升级丨含安装 【三级变频】大1.5P冷暖丨节能升级丨无安装 【三级变频】大1.5P冷暖丨节能升级丨含安装 【三级变频】大2匹单冷圆柱柜机丨节能升级丨无安装 【三级变频】大2匹单冷圆柱柜机丨节能升级丨含安装 【一级变频】大2匹冷暖圆柱柜机丨节能升级丨无安装 【一级变频】大2匹冷暖圆柱柜机丨节能升级丨含安装 【一级变频】大3匹冷暖圆柱柜机丨节能升级丨无安装 【一级变频】大3匹冷暖圆柱柜机丨节能升级丨含安装
68,申花东宝空调专业店,非自营,申花,中国大陆,大1.5匹,20231026-611100-9984169828 2090128,,变频,【三级变频】大1匹单冷-不含安装【三级变频】大1匹单冷-上门安装【一级变频】大1匹单冷-不含安装【一级变频】大1匹单冷-上门安装【一级变频】大1匹冷暖-不含安装【一级变频】大1匹冷暖-上门安装【一级变频】大1.5匹单冷-不含安装【一级变频】大1.5匹单冷-上门安装【一级变频】大1.5匹冷暖-不含安装【一级变频】大1.5匹冷暖-上门安装【三级变频】大1.5匹冷暖-不含安装【三级变频】大1.5匹冷暖-上门安装大2匹单冷-不含安装【三级变频】圆柱柜机大2匹单冷-上门安装【三级变频】圆柱柜机大2匹冷暖-不含安装【一级变频】圆柱柜机大2匹冷暖-上门安装【一级变频】圆柱柜机大3匹冷暖-不含安装【一级变频】圆柱柜机大3匹冷暖-上门安装【一级变频】圆柱柜机
69,空调批发经营店,非自营,MEILIHONGZUAN,中国大陆,大1.5匹,大1匹单冷【不带安装】+十年保修+纯铜管大1匹冷暖【不带安装】+十年保修+纯铜管大1匹单冷一级能效【不带安装】+十年保修+纯铜管大1匹冷暖一级能效【不带安装】+十年保修+纯铜管大1.5匹单冷【不带安装】+十年保修+纯铜管大1.5匹冷暖【不带安装】+十年保修+纯铜管大1.5匹冷暖一级能效【不带安装】+十年保修+纯铜管大2匹冷暖【不带安装】+十年保修+纯铜管大2匹冷暖一级能效【不带安装】+十年保修+纯铜管单外机【不带安装/佛山自提】大1匹单冷【全国安装】+十年保修+纯铜管大1匹单冷一级能效【全国安装】+十年保修+纯铜管大1匹冷暖【全国安装】+十年保修+纯铜管大1匹冷暖一级能效【全国安装】+十年保修+纯铜管大1.5匹单冷【全国安装】+十年保修+纯铜管大1.5匹冷暖【全国安装】+十年保修+纯铜管大1.5匹单冷一级能效【全国安装】+十年保修+纯铜管大1.5匹冷暖一级能效【全国安装】+十年保修+纯铜管大2匹冷暖【全国安装】+十年保修+纯铜管大2匹冷暖一级能效【全国安装】+十年保修+纯铜管大1.5匹单冷一级能效【不带安装】+十年保修+纯铜管,,变频,大1匹单冷【不带安装】+十年保修+纯铜管大1匹冷暖【不带安装】+十年保修+纯铜管大1匹单冷一级能效【不带安装】+十年保修+纯铜管大1匹冷暖一级能效【不带安装】+十年保修+纯铜管大1.5匹单冷【不带安装】+十年保修+纯铜管大1.5匹冷暖【不带安装】+十年保修+纯铜管大1.5匹冷暖一级能效【不带安装】+十年保修+纯铜管大2匹冷暖【不带安装】+十年保修+纯铜管大2匹冷暖一级能效【不带安装】+十年保修+纯铜管单外机【不带安装/佛山自提】大1匹单冷【全国安装】+十年保修+纯铜管大1匹单冷一级能效【全国安装】+十年保修+纯铜管大1匹冷暖【全国安装】+十年保修+纯铜管大1匹冷暖一级能效【全国安装】+十年保修+纯铜管大1.5匹单冷【全国安装】+十年保修+纯铜管大1.5匹冷暖【全国安装】+十年保修+纯铜管大1.5匹单冷一级能效【全国安装】+十年保修+纯铜管大1.5匹冷暖一级能效【全国安装】+十年保修+纯铜管大2匹冷暖【全国安装】+十年保修+纯铜管大2匹冷暖一级能效【全国安装】+十年保修+纯铜管大1.5匹单冷一级能效【不带安装】+十年保修+纯铜管
70,,非自营,东宝（家电）,中国大陆,800W,202105-10-612500-78011603471193,10㎡-15㎡,变频,正1匹单冷【全铜管】顺丰送货入户-不含安装正1匹单冷【全铜管】顺丰送货入户-上门安装正1匹变频单冷【一级变频】顺丰送货入户-不含安装正1匹变频单冷【一级变频】顺丰送货入户--上门安装正1匹冷暖【全铜管】顺丰送货入户-不含安装正1匹冷暖【全铜管】顺丰送货入户-上门安装大1匹单冷【全铜管】顺丰送货入户-不含安装大1匹单冷【全铜管】顺丰送货入户-上门安装大1匹变频单冷【一级变频】顺丰送货入户-不含安装大1匹变频单冷【一级变频】顺丰送货入户-上门安装大1匹冷暖【全铜管】顺丰送货入户-不含安装大1匹冷暖【全铜管】顺丰送货入户-上门安装大1匹变频冷暖【一级变频】顺丰送货入户-不含安装大1匹变频冷暖【一级变频】顺丰送货入户-上门安装大1.5匹单冷【全铜管】顺丰送货入户-不含安装大1.5匹单冷【全铜管】顺丰送货入户-上门安装大1.5匹变频单冷【一级变频】顺丰送货入户-不含安装大1.5匹变频单冷【一级变频】顺丰送货入户-上门安装大1.5匹冷暖【全铜管】顺丰送货入户-不含安装大1.5匹冷暖【全铜管】顺丰送货入户-上门安装大1.5匹变频冷暖【一级变频】顺丰送货入户-不含安装大1.5匹变频冷暖【一级变频】顺丰送货入户-上门安装大1.5匹变频冷暖【三级变频】顺丰送货入户-不含安装大1.5匹变频冷暖【三级变频】顺丰送货入户-上门安装
71,喵速达电器官方旗舰店,自营,coocaa/酷开,,645W,20230923-611100-4051695428160072,10㎡-15㎡,变频,酷开大1匹一级能效变频冷暖 酷开大1匹三级能效变频冷暖 酷开大1.5匹一级能效变频冷暖 酷开大1.5匹三级能效变频冷暖 酷开正1匹单冷挂机（不提供免费安装服务） 酷开2匹三级能效变频冷暖柜机
72,酷亓电器,非自营,申花,中国大陆,810W,20231026-611100-99841698282090128,16㎡-20㎡,变频,正1P单冷【联保六年】节能空调丨不含安装正1P单冷【联保六年】节能空调丨上门安装【一级变频】正1P单冷丨节能升级丨不含安装【一级变频】正1P单冷丨节能升级丨上门安装正1P冷暖【联保六年】节能空调丨不含安装正1P冷暖【联保六年】节能空调丨上门安装大1P单冷【联保六年】节能空调丨不含安装大1P单冷【联保六年】节能空调丨上门安装【一级变频】大1P单冷丨节能升级丨不含安装【一级变频】大1P单冷丨节能升级丨上门安装大1P冷暖【联保六年】节能空调丨不含安装大1P冷暖【联保六年】节能空调丨上门安装【一级变频】大1P冷暖丨节能升级丨不含安装【一级变频】大1P冷暖丨节能升级丨上门安装大1.5P单冷【联保六年】节能空调丨不含安装大1.5P单冷【联保六年】节能空调丨上门安装【一级变频】大1.5P单冷丨节能升级丨不含安装【一级变频】大1.5P单冷丨节能升级丨上门安装大1.5P冷暖【联保六年】节能空调丨不含安装大1.5P冷暖【联保六年】节能空调丨上门安装【一级变频】大1.5P冷暖丨节能升级丨不含安装【一级变频】大1.5P冷暖丨节能升级丨上门安装【三级变频】大1.5P冷暖丨节能升级丨不含安装【三级变频】大1.5P冷暖丨节能升级丨上门安装
73,东宝空调旗舰店,自营,东宝（家电）,,1600W,202105-10-612500-78011603471193,21㎡-30㎡,定速,2匹冷暖挂机 上门安装 2匹冷暖挂机 不含安装
74,夏季东宝申花空调店,非自营,申花,中国大陆,大3匹,【一级能效】大3p冷暖变频柜机-包含安装【一级能效】大3p冷暖变频柜机-不含安装【一级能效】大2p冷暖变频柜机-包含安装【一级能效】大2p冷暖变频柜机-不含安装【三级能效】大2p单冷变频柜机-包含安装【三级能效】大2p单冷变频柜机-不含安装,,变频,【一级能效】大3p冷暖变频柜机-包含安装【一级能效】大3p冷暖变频柜机-不含安装【一级能效】大2p冷暖变频柜机-包含安装【一级能效】大2p冷暖变频柜机-不含安装【三级能效】大2p单冷变频柜机-包含安装【三级能效】大2p单冷变频柜机-不含安装
75,东宝空调店,非自营,东宝（家电）,中国大陆,800W,202105-10-612500-97351809853320,31㎡-40㎡,定速,【一级能效】正1p单冷变频-不含安装【一级能效】正1p单冷变频-包含安装【一级能效】大1p单冷变频-不含安装【一级能效】大1p单冷变频-包含安装【一级能效】大1p冷暖变频-不含安装【一级能效】大1p冷暖变频-包含安装【一级能效】大1.5p单冷变频-不含安装【一级能效】大1.5p单冷变频-包含安装【一级能效】大1.5p冷暖变频-不含安装【一级能效】大1.5p冷暖变频-包含安装【适用8-10㎡】正1p单冷-无安装【适用8-10㎡】正1p单冷-含安装【适用10-15㎡】大1p单冷-无安装【适用10-15㎡】大1p单冷-含安装【适用8-10㎡】正1p冷暖-无安装【适用8-10㎡】正1p冷暖-含安装【适用10-15㎡】大1p冷暖-无安装【适用10-15㎡】大1p冷暖-含安装【适用14-21㎡】大1.5p单冷-无安装【适用14-21㎡】大1.5p单冷-含安装【适用14-21㎡】大1.5p冷暖-无安装【适用14-21㎡】大1.5p冷暖-含安装【适用20-32㎡】大2p冷暖-无安装【适用20-32㎡】大2p冷暖-含安装
76,大宇生活家电,非自营,MEILIHONGZUAN,中国大陆,大1.5匹,咨询客服 送 [不锈钢支架] 或 [优惠价] 勿拍[整机质保6年，压缩机保10年]大1匹单冷 [不带安装] 只限广东内大1匹单冷 [上门安装] 只限广东内大1匹单冷 [不带安装]大1匹单冷 [上门安装]大1匹单冷一级能效 [不带安装]大1匹单冷一级能效 [上门安装]大1匹冷暖 [不带安装]大1匹冷暖 [上门安装]大1匹冷暖一级变频 [不带安装]大1匹冷暖一级变频 [上门安装]大1.5匹单冷 [不带安装]大1.5匹单冷 [上门安装]大1.5匹单冷一级能效 [不带安装]大1.5匹单冷一级能效 [上门安装]大1.5匹冷暖 [不带安装]大1.5匹冷暖 [上门安装]大1.5匹冷暖一级变频 [不带安装]大1.5匹冷暖一级变频 [上门安装]大2匹冷暖 [不带安装]大2匹冷暖 [上门安装]大2匹冷暖一级变频 [不带安装]大2匹冷暖一级变频 [上门安装],16㎡-20㎡,变频,咨询客服 送 [不锈钢支架] 或 [优惠价] 勿拍[整机质保6年，压缩机保10年]大1匹单冷 [不带安装] 只限广东内大1匹单冷 [上门安装] 只限广东内大1匹单冷 [不带安装]大1匹单冷 [上门安装]大1匹单冷一级能效 [不带安装]大1匹单冷一级能效 [上门安装]大1匹冷暖 [不带安装]大1匹冷暖 [上门安装]大1匹冷暖一级变频 [不带安装]大1匹冷暖一级变频 [上门安装]大1.5匹单冷 [不带安装]大1.5匹单冷 [上门安装]大1.5匹单冷一级能效 [不带安装]大1.5匹单冷一级能效 [上门安装]大1.5匹冷暖 [不带安装]大1.5匹冷暖 [上门安装]大1.5匹冷暖一级变频 [不带安装]大1.5匹冷暖一级变频 [上门安装]大2匹冷暖 [不带安装]大2匹冷暖 [上门安装]大2匹冷暖一级变频 [不带安装]大2匹冷暖一级变频 [上门安装]
77,虹辉制冷,非自营,泊林之风,中国大陆,2600W,一级,,变频,1匹单冷【十年质保】【全铜管】不含安装1匹单冷【十年质保】【全铜管】含基础安装+送支架1匹冷暖【十年质保】【全铜管】不含安装1匹冷暖【十年质保】【全铜管】含基础安装+送支架大1匹单冷【十年质保】【全铜管】不含安装大1匹单冷【十年质保】【全铜管】含基础安装+送支架大1匹冷暖【十年质保】【全铜管】不含安装大1匹冷暖【十年质保】【全铜管】含基础安装+送支架大1匹冷暖一级变频【十年质保】【全铜管】含基础安装+送支架大1.5匹单冷【十年质保】【全铜管】不含安装大1.5匹单冷【十年质保】【全铜管】含基础安装+送支架大1.5匹冷暖【十年质保】【全铜管】不含安装大1.5匹冷暖【十年质保】【全铜管】含基础安装+送支架大1.5匹冷暖一级变频【十年质保】【全铜管】含基础安装+送支架2匹冷暖一级变频【十年质保】【全铜管】含基础安装+送支架1匹单冷单外机【全铜管】
78,明天电器城,非自营,Royalstar/荣事达,中国大陆,1.5匹,五级,,变频,1匹单冷/升级款【无安装】1匹单冷/升级款【上门安装】大1匹单冷【无安装】大1匹单冷【上门安装】大1匹冷暖【无安装】大1匹冷暖【上门安装】1.5匹冷暖【无安装】1.5匹冷暖【上门安装】大1.5匹冷暖【无安装】大1.5匹冷暖【上门安装】大1.5匹冷暖/高配款【无安装】大1.5匹冷暖/高配款【上门安装】大1.5匹单冷【无安装】大1.5匹单冷【上门安装】新款大1匹冷暖变频一级节能【无安装】新款大1匹冷暖变频一级节能【上门安装】新款1.5匹变频一级节能【无安装】新款1.5匹变频一级节能【上门安装】新款大1.5匹变频一级节能【无安装】新款大1.5匹变频一级节能【上门安装】大2匹冷暖【自行安装】大2匹冷暖【上门安装】大3匹冷暖【自行安装】大3匹冷暖【上门安装】
79,和畅电器直销,非自营,东宝（家电）,中国大陆,800W,GB 21455-2019,10㎡-15㎡,变频,正1匹单冷【全铜管】-不含安装正1匹单冷【全铜管】-含安装正1匹冷暖【全铜管】-不含安装正1匹冷暖【全铜管】-含安装大1.5匹单冷【全铜管】-不含安装大1.5匹单冷【全铜管】-含安装大1.5匹冷暖【全铜管】-不含安装大1.5匹冷暖【全铜管】-含安装大1匹单冷【全铜管】-不含安装大1匹单冷【全铜管】-含安装大1匹冷暖【全铜管】-不含安装大1匹冷暖【全铜管】-含安装【一级变频】大1匹单冷 节能升级-含安装【一级变频】大1匹冷暖 节能升级-含安装【一级变频】大1.5匹单冷 节能升级-含安装【一级变频】大1.5匹冷暖 节能升级-含安装【三级变频】大1匹单冷 节能升级-含安装【三级变频】大1.5匹冷暖 节能升级-含安装2匹冷暖【全铜管】-不含安装2匹冷暖【全铜管】-含安装3匹冷暖【全铜管】-不含安装3匹冷暖【全铜管】-含安装
80,东宝空调直销店,非自营,东宝（家电）,中国大陆,2320W,202105-10-612500-79369995630567,31㎡-40㎡,定速,2匹单冷柜机-不含安装2匹单冷柜机-提供安装2匹冷暖柜机-不含安装2匹冷暖柜机-提供安装3匹单冷柜机-不含安装3匹单冷柜机-提供安装3匹冷暖柜机-不含安装3匹冷暖柜机-提供安装5匹冷暖柜机-不含安装5匹冷暖柜机-提供安装变频三级大2匹单冷圆柱款-不含安装变频三级大2匹单冷圆圆柱款-不提供安装变频一级大2匹冷暖圆柱款-不含安装变频一级大2匹冷暖圆柱款-提供安装变频一级大3匹冷暖圆柱柜机-不含安装变频一级大3匹冷暖圆柱柜机-提供安装
81,星空三凌品牌空调体验店,非自营,MEILIHONGZUAN,中国大陆,3500W,2017010703035530,16㎡-20㎡,变频,大一匹单冷【无安装】10年保质＋铜管大一匹单冷【全国安装】10年保质＋铜管大一匹单冷变频【全国安装】10年保质＋铜管大一匹冷暖【无安装】10年保质＋铜管大一匹冷暖【全国安装】10年保质＋铜管大1.5匹单冷【无安装】10年保质＋铜管大1.5匹单冷【全国安装】10年保质＋铜管大1.5匹单冷变频【全国安装】10年保质＋铜管正1.5匹冷暖【无安装】10年保质＋铜管大1.5匹冷暖【全国安装】10年保质＋铜管大1.5匹冷暖变频【全国安装】10年保质＋铜管大2匹冷暖【无安装】10年保质＋铜管大2匹冷暖挂机【全国安装】10年保质＋铜管小1匹单冷铝管【厂家自提无安装】
82,申花空调体验店,非自营,申花,中国大陆,1匹,五级,10㎡以下,定速,正1匹单冷 【全铜管】六年联保-不含安装正1匹单冷 【全铜管】六年联保-含安装正1匹冷暖【全铜管】六年联保-不含安装正1匹冷暖【全铜管】六年联保-含安装大1.5匹单冷【全铜管】六年联保-不含安装大1.5匹单冷【全铜管】六年联保-含安装大1.5匹冷暖【全铜管】六年联保-不含安装大1.5匹冷暖【全铜管】六年联保-含安装大1匹单冷 【全铜管】六年联保-不含安装大1匹单冷【全铜管】六年联保-含安装大1匹冷暖【全铜管】六年联保-不含安装大1匹冷暖【全铜管】六年联保-含安装【变频一级】大1匹单冷丨六年联保丨含安装【变频一级】大1匹冷暖丨六年联保丨含安装【变频一级】大1.5匹单冷丨六年联保丨含安装【变频一级】大1.5匹冷暖丨六年联保丨含安装【变频一级】大1匹单冷丨六年联保丨不含安装2匹冷暖挂机【全铜管】六年联保-不含安装【变频三级】大1.5匹冷暖丨六年联保丨不含安装【变频三级】大1.5匹冷暖丨六年联保丨含安装2匹冷暖挂机【全铜管】六年联保-含安装3匹冷暖挂机【全铜管】六年联保-不含安装3匹冷暖挂机【全铜管】六年联保-含安装单内机【工厂自提】
83,申花东宝空调批发店,非自营,东宝（家电）,中国大陆,800W,202105-10-612500-78011603471193,10㎡-15㎡,定速,正1匹单冷【全铜管】不含安装正1匹单冷【全铜管】上门安装正1匹冷暖【全铜管】不含安装正1匹冷暖【全铜管】上门安装大1匹单冷【全铜管】不含安装大1匹单冷【全铜管】上门安装大1匹冷暖【全铜管】不含安装大1匹冷暖【全铜管】上门安装大1.5匹单冷【全铜管】不含安装大1.5匹单冷【全铜管】上门安装大1.5匹冷暖【全铜管】不含安装大1.5匹冷暖【全铜管】上门安装2匹冷暖【全铜管】不含安装2匹冷暖【全铜管】上门安装3匹冷暖【全铜管】不含安装3匹冷暖【全铜管】上门安装大1匹冷暖变频【一级能效】不含安装大1匹冷暖变频【一级能效】上门安装大1.5匹单冷变频【一级能效】不含安装大1.5匹单冷变频【一级能效】上门安装大1.5匹冷暖变频【一级能效】不含安装大1.5匹冷暖变频【一级能效】上门安装大1.5匹冷暖变频【三级能效】不含安装大1.5匹冷暖变频【三级能效】上门安装
84,新飛工厂电器直销,非自营,Frestec/新飞,中国大陆,大1.5匹,一级,15㎡-22㎡,变频,大1匹单冷铜管无安装大1匹单冷铜管上门安装大1.5匹单冷铜管上门安装大1.5匹单冷铜管无安装1匹单冷铜管无安装1匹单冷铜管上门安装大1匹冷暖铜管无安装大1匹冷暖铜管上门安装一级变频大1.5匹冷暖铜管无安装一级变频大1.5匹冷暖铜管上门安装大1.5匹冷暖铜管无安装大1.5匹冷暖铜管上门安装大1匹单冷铜管大内机无安装大1匹单冷铜管大内机上门安装10年全国联保服务大1.5匹单冷铜管大内机无安装大1.5匹单冷铜管大内机上门安装
85,jhs电器旗舰店,自营,JHS,东莞,0W,,10㎡-15㎡,定频,一匹 一匹升级款 大一匹 大一匹升级款 小一点五匹 一点五匹 大一点五匹升级款 两匹 小一匹升级款 小一匹
86,盈酷空调专盈店,非自营,盈酷,中国大陆,大1匹,五级,正1P单冷【小面积】适用6㎡内-不含安装正1P单冷【小面积】适用6㎡内-上门安装大1P单冷【强力制冷】适用8-12㎡-不含安装大1P单冷【强力制冷】适用8-12㎡-上门安装正1P冷暖【全铜管】适用8-10㎡内-不含安装正1P冷暖【全铜管】适用8-10㎡内-上门安装大1P冷暖【舒适冷暖】适用10-15㎡-不含安装大1P冷暖【舒适冷暖】适用10-15㎡-上门安装大1P冷暖【大出风口】适用10-15㎡-不含安装大1P冷暖【大出风口】适用10-15㎡-上门安装大1P冷暖【省电芯】适用10-15㎡-不含安装大1P冷暖【省电芯】适用10-15㎡-上门安装大1.5P单冷【大出风口】适用16-22㎡-不含安装大1.5P单冷【大出风口】适用16-22㎡-上门安装大1.5P单冷【省电芯】适用16-22㎡-上门安装大1.5P冷暖【大出风口】适用18-22㎡-不含安装大1.5P冷暖【大出风口】适用18-23㎡-上门安装大1.5P冷暖【省电芯】适用18-23㎡-不含安装大1.5P冷暖【省电芯】适用18-23㎡-上门安装【变频三级】大1P冷暖-适用10-16㎡+上门安装【变频一级】大1.5P单冷-适用16-24㎡+上门安装【变频一级】大1.5P冷暖-适用18-24㎡+上门安装【变频三级】大2P冷暖挂-适用20-35㎡+上门安装正1P单冷【仓库自提】限售一台-不含安装,定频,正1P单冷【小面积】适用6㎡内-不含安装正1P单冷【小面积】适用6㎡内-上门安装大1P单冷【强力制冷】适用8-12㎡-不含安装大1P单冷【强力制冷】适用8-12㎡-上门安装正1P冷暖【全铜管】适用8-10㎡内-不含安装正1P冷暖【全铜管】适用8-10㎡内-上门安装大1P冷暖【舒适冷暖】适用10-15㎡-不含安装大1P冷暖【舒适冷暖】适用10-15㎡-上门安装大1P冷暖【大出风口】适用10-15㎡-不含安装大1P冷暖【大出风口】适用10-15㎡-上门安装大1P冷暖【省电芯】适用10-15㎡-不含安装大1P冷暖【省电芯】适用10-15㎡-上门安装大1.5P单冷【大出风口】适用16-22㎡-不含安装大1.5P单冷【大出风口】适用16-22㎡-上门安装大1.5P单冷【省电芯】适用16-22㎡-上门安装大1.5P冷暖【大出风口】适用18-22㎡-不含安装大1.5P冷暖【大出风口】适用18-23㎡-上门安装大1.5P冷暖【省电芯】适用18-23㎡-不含安装大1.5P冷暖【省电芯】适用18-23㎡-上门安装【变频三级】大1P冷暖-适用10-16㎡+上门安装【变频一级】大1.5P单冷-适用16-24㎡+上门安装【变频一级】大1.5P冷暖-适用18-24㎡+上门安装【变频三级】大2P冷暖挂-适用20-35㎡+上门安装正1P单冷【仓库自提】限售一台-不含安装
87,申花空调厂家直售店,非自营,申花,中国大陆,大1.5匹,五级,10㎡以下,变频,正1匹单冷 【全铜管】顺丰入户-不含安装正1匹单冷 【全铜管】顺丰入户-含安装大1匹单冷 【全铜管】顺丰入户-不含安装大1匹单冷 【全铜管】顺丰入户-含安装正1匹冷暖【全铜管】顺丰入户-不含安装正1匹冷暖【全铜管】顺丰入户-含安装大1匹冷暖【全铜管】顺丰入户-不含安装大1匹冷暖【全铜管】顺丰入户-含安装大1.5匹单冷【全铜管】顺丰入户-不含安装大1.5匹单冷【全铜管】顺丰入户-含安装大1.5匹冷暖【全铜管】顺丰入户-不含安装大1.5匹冷暖【全铜管】顺丰入户-含安装【变频一级】大1匹单冷丨顺丰入户丨不含安装【变频一级】大1匹单冷丨顺丰入户丨含安装【变频一级】大1匹冷暖丨顺丰入户丨不含安装【变频一级】大1匹冷暖丨顺丰入户丨含安装【变频一级】大1.5匹单冷丨顺丰入户丨不含安装【变频一级】大1.5匹单冷丨顺丰入户丨含安装【变频一级】大1.5匹冷暖丨顺丰入户丨不含安装【变频一级】大1.5匹冷暖丨顺丰入户丨含安装2匹冷暖挂机【全铜管】顺丰入户-不含安装2匹冷暖挂机【全铜管】顺丰入户-含安装3匹冷暖挂机【全铜管】顺丰入户-不含安装3匹冷暖挂机【全铜管】顺丰入户-含安装
88,观立旗舰店,自营,GUAE/观立,,1100W,202106-10-612500-55863184760554,16㎡-20㎡,定速,1匹单冷（送货入户）不含安装 1匹单冷（送货入户）包含安装 1匹冷暖（送货入户）不含安装 1匹冷暖（送货入户）包含安装 大1匹单冷（送货入户）不含安装 大1匹单冷（送货入户）包含安装 大1匹冷暖（送货入户）不含安装 大1匹冷暖（送货入户）包含安装 大1.5匹单冷（送货入户）不含安装 大1.5匹单冷（送货入户）包含安装 大1.5匹冷暖（送货入户）不含安装 大1.5匹冷暖（送货入户）包含安装
89,,自营,籽米,,1050W,无,16㎡-20㎡,定速,大1.5P冷暖【全铜管】-不含安装 大1.5P冷暖【全铜管】-含安装 大1.5P冷暖豪华款【全铜管】-不含安装 大1.5P冷暖豪华款【全铜管】-含安装 大1.5P冷暖旗舰款【全铜管】-不含安装 大1.5P冷暖旗舰款【全铜管】-含安装 大1P冷暖【急速冷暖】-不含安装 大1P冷暖【急速冷暖】-含安装 大2P冷暖豪华款【全铜管】-不含安装 大2P冷暖豪华款【全铜管】-含安装 大1.5P单冷【全铜管】-不含安装 大1.5P单冷【全铜管】-含安装 大1P单冷【强力制冷】-不含安装 大1P单冷【强力制冷】-含安装 1P单冷【舒适清凉】-不含安装
90,东宝电器企业店,非自营,东宝（家电）,中国大陆,大3匹,一级,,变频,【三级变频】大2匹单冷圆柱柜机送货入户-不含安装【三级变频】大2匹单冷圆柱柜机送货入户-上门安装【一级变频】大2匹冷暖圆柱柜机送货入户-不含安装【一级变频】大2匹冷暖圆柱柜机送货入户-上门安装【一级变频】大3匹冷暖圆柱柜机送货入户-不含安装【一级变频】大3匹冷暖圆柱柜机送货入户-上门安装大2匹单冷柜机【全铜管】送货入户-不含安装大2匹单冷柜机【全铜管】送货入户-上门安装大2匹冷暖柜机【全铜管】送货入户-不含安装大2匹冷暖柜机【全铜管】送货入户-上门安装大3匹单冷柜机【全铜管】送货入户-不含安装大3匹单冷柜机【全铜管】送货入户-上门安装大3匹冷暖柜机【全铜管】送货入户-不含安装大3匹冷暖柜机【全铜管】送货入户-上门安装大5匹冷暖柜机【全铜管】送货入户-不含安装大5匹冷暖柜机【全铜管】送货入户-上门安装大2匹冷暖挂机【全铜管】送货入户-不含安装大2匹冷暖挂机【全铜管】送货入户-上门安装大3匹冷暖挂机【全铜管】送货入户-不含安装大3匹冷暖挂机【全铜管】送货入户-上门安装大4匹冷暖挂机【全铜管】送货入户-不含安装大4匹冷暖挂机【全铜管】送货入户-上门安装
