1,YSL圣罗兰小金条口红1966红棕色礼盒礼物送女友生日礼物女,395.00,https://item.jd.com/100029079354.html
2,卡姿兰口红轻雾感哑光唇膏女持久滋润保湿不易掉色不沾杯生日礼物送女友 13#暧昧,89.00,https://item.jd.com/34863037520.html
3,阿玛尼口红权力唇膏#214暧昧奶杏 润泽镜面显白 礼盒生日礼物送女友,390.00,https://item.jd.com/100051258859.html
4,卡姿兰（Carslan）粉悦木马口红礼盒雾感哑光唇膏不易沾杯mini6支套装 生日礼物,79.00,https://item.jd.com/6291116.html
5,花西子雕花口红3.2g 口红生日礼物送女友M408子期绣,129.00,https://item.jd.com/100016002830.html
6,迪奥DIOR 烈艳蓝金口红 丝绒哑光999 生日礼物送女友 臻享礼袋,400.00,https://item.jd.com/100056057296.html
7,阿玛尼红管唇釉#405番茄红 丝绒哑光显白口红 礼盒生日礼物送女友,380.00,https://item.jd.com/100033887258.html
8,兰蔻196口红哑光雾面唇膏 经典朱砂橘 化妆品礼盒生日礼物送女友,350.00,https://item.jd.com/100012529857.html
9,LEKKIMAZC口红小样子弹头唇膏官釉不掉色不沾杯方送女朋友生日礼物,35.00,https://item.jd.com/100072960073.html
10,京东国际圣罗兰（YSL）小金条口红21复古正红2.2g 哑光唇膏 生日新年礼物送女友,199.00,https://item.jd.com/100039202940.html
11,兰蔻312裸唇釉裸柔桃 哑光奶茶色口红唇膏礼盒化妆品生日礼物送女友,350.00,https://item.jd.com/100099348054.html
12,完美日记丝绒唇釉迷你套组4支装口红显白礼盒生日新年情人节礼物送女友,78.00,https://item.jd.com/100007191937.html
13,阿玛尼全新裸粉水唇釉#14肌肤之裸 水光小粉盖口红 礼盒生日礼物送女友,380.00,https://item.jd.com/100100013880.html
14,LEKKIMAZC口红小样子弹头唇膏官釉不掉色不沾杯方送女朋友生日礼物,35.00,https://item.jd.com/100072960053.html
15,花西子同心锁口红3.2g 生日礼物送女友M1314红枫柿子,219.00,https://item.jd.com/100012969173.html
16,京东国际纪梵希（Givenchy）高定香榭红丝绒小羊皮口红 大理石唇膏 生日礼物送女友 粉丝绒N37 先锋正红,149.00,https://item.jd.com/10097971909036.html
17,京东国际古驰（GUCCI）口红礼盒套装 gucci口红唇膏套盒口红送女友老婆情人节生日礼物 送礼盒丨古驰505#限定版复古珍妮特,199.00,https://item.jd.com/10041891260181.html
18,纪梵希（Givenchy）高定香榭粉丝绒N27口红唇膏礼袋 豆沙色 生日礼物送女友,400.00,https://item.jd.com/100012563721.html
19,卡姿兰（Carslan）雾忘我双支口红礼盒显白(M1920+M8013)3.2g*2 圣诞礼物送女友,184.00,https://item.jd.com/100056599755.html
20,卡姿兰（Carslan）雾吻唇膏口红不易沾杯半哑光显白M05(奶油萝卜)3.2g 生日礼物送礼,99.00,https://item.jd.com/100012377628.html
21,京东国际古驰（GUCCI）口红505哑光唇膏碎花口红礼盒生日礼物套装送女友老婆纪念日礼物 【NO.1】金管哑光505#枫叶红棕,209.00,https://item.jd.com/10042187079798.html
22,卡姿兰（Carslan）雾吻唇膏口红不易沾杯半哑光显白M06(蜜桃乌龙)3.2g 生日礼物,99.00,https://item.jd.com/100006789795.html
23,TOM FORD黑管TF口红16哑光斯嘉丽红唇膏 生日礼物女送女友,500.00,https://item.jd.com/100033323170.html
24,草萨（CaoSa）小金条口红三件套防水不沾杯持久滋润保湿唇膏雾面百搭三件套,78.30,https://item.jd.com/100061176937.html
25,YSL圣罗兰口红香水礼盒2024+自由之水50ml口红礼盒送女友生日礼物女,1610.00,https://item.jd.com/100077874913.html
26,迪奥DIOR 烈艳蓝金唇膏口红 缎光999 生日礼物送女友 臻享礼袋,400.00,https://item.jd.com/100047472564.html
27,卡姿兰（Carslan）节日限定款雾吻口红礼盒双支（M314+M1592） 3.2g*2 生日礼物,198.00,https://item.jd.com/100087648492.html
28,纪梵希（Givenchy）高定禁忌小羊皮N306口红礼袋 唇膏 斩男色 生日礼物送女友,400.00,https://item.jd.com/100012404503.html
29,YSL圣罗兰小金条口红2024哑光 口红礼盒礼物送女友生日礼物女,395.00,https://item.jd.com/100080355970.html
30,京东国际圣罗兰（YSL）小金条口红1966 哑光红棕色 唇膏礼品 生日新年礼物送女友,269.00,https://item.jd.com/100086949938.html
31,YSL圣罗兰小金条口红1966红棕色礼盒礼物送女友生日礼物女,395.00,https://item.jd.com/100029079354.html
32,卡姿兰口红轻雾感哑光唇膏女持久滋润保湿不易掉色不沾杯生日礼物送女友 13#暧昧,89.00,https://item.jd.com/34863037520.html
33,阿玛尼口红权力唇膏#214暧昧奶杏 润泽镜面显白 礼盒生日礼物送女友,390.00,https://item.jd.com/100051258859.html
34,卡姿兰（Carslan）粉悦木马口红礼盒雾感哑光唇膏不易沾杯mini6支套装 生日礼物,79.00,https://item.jd.com/6291116.html
35,花西子雕花口红3.2g 口红生日礼物送女友M408子期绣,129.00,https://item.jd.com/100016002830.html
36,迪奥DIOR 烈艳蓝金口红 丝绒哑光999 生日礼物送女友 臻享礼袋,400.00,https://item.jd.com/100056057296.html
37,阿玛尼红管唇釉#405番茄红 丝绒哑光显白口红 礼盒生日礼物送女友,380.00,https://item.jd.com/100033887258.html
38,兰蔻196口红哑光雾面唇膏 经典朱砂橘 化妆品礼盒生日礼物送女友,350.00,https://item.jd.com/100012529857.html
39,LEKKIMAZC口红小样子弹头唇膏官釉不掉色不沾杯方送女朋友生日礼物,35.00,https://item.jd.com/100072960073.html
40,京东国际圣罗兰（YSL）小金条口红21复古正红2.2g 哑光唇膏 生日新年礼物送女友,199.00,https://item.jd.com/100039202940.html
41,兰蔻312裸唇釉裸柔桃 哑光奶茶色口红唇膏礼盒化妆品生日礼物送女友,350.00,https://item.jd.com/100099348054.html
42,完美日记丝绒唇釉迷你套组4支装口红显白礼盒生日新年情人节礼物送女友,78.00,https://item.jd.com/100007191937.html
43,阿玛尼全新裸粉水唇釉#14肌肤之裸 水光小粉盖口红 礼盒生日礼物送女友,380.00,https://item.jd.com/100100013880.html
44,LEKKIMAZC口红小样子弹头唇膏官釉不掉色不沾杯方送女朋友生日礼物,35.00,https://item.jd.com/100072960053.html
45,花西子同心锁口红3.2g 生日礼物送女友M1314红枫柿子,219.00,https://item.jd.com/100012969173.html
46,京东国际纪梵希（Givenchy）高定香榭红丝绒小羊皮口红 大理石唇膏 生日礼物送女友 粉丝绒N37 先锋正红,149.00,https://item.jd.com/10097971909036.html
47,京东国际古驰（GUCCI）口红礼盒套装 gucci口红唇膏套盒口红送女友老婆情人节生日礼物 送礼盒丨古驰505#限定版复古珍妮特,199.00,https://item.jd.com/10041891260181.html
48,纪梵希（Givenchy）高定香榭粉丝绒N27口红唇膏礼袋 豆沙色 生日礼物送女友,400.00,https://item.jd.com/100012563721.html
49,卡姿兰（Carslan）雾忘我双支口红礼盒显白(M1920+M8013)3.2g*2 圣诞礼物送女友,184.00,https://item.jd.com/100056599755.html
50,卡姿兰（Carslan）雾吻唇膏口红不易沾杯半哑光显白M05(奶油萝卜)3.2g 生日礼物送礼,99.00,https://item.jd.com/100012377628.html
51,京东国际古驰（GUCCI）口红505哑光唇膏碎花口红礼盒生日礼物套装送女友老婆纪念日礼物 【NO.1】金管哑光505#枫叶红棕,209.00,https://item.jd.com/10042187079798.html
52,卡姿兰（Carslan）雾吻唇膏口红不易沾杯半哑光显白M06(蜜桃乌龙)3.2g 生日礼物,99.00,https://item.jd.com/100006789795.html
53,TOM FORD黑管TF口红16哑光斯嘉丽红唇膏 生日礼物女送女友,500.00,https://item.jd.com/100033323170.html
54,草萨（CaoSa）小金条口红三件套防水不沾杯持久滋润保湿唇膏雾面百搭三件套,78.30,https://item.jd.com/100061176937.html
55,YSL圣罗兰口红香水礼盒2024+自由之水50ml口红礼盒送女友生日礼物女,1610.00,https://item.jd.com/100077874913.html
56,迪奥DIOR 烈艳蓝金唇膏口红 缎光999 生日礼物送女友 臻享礼袋,400.00,https://item.jd.com/100047472564.html
57,卡姿兰（Carslan）节日限定款雾吻口红礼盒双支（M314+M1592） 3.2g*2 生日礼物,198.00,https://item.jd.com/100087648492.html
58,纪梵希（Givenchy）高定禁忌小羊皮N306口红礼袋 唇膏 斩男色 生日礼物送女友,400.00,https://item.jd.com/100012404503.html
59,YSL圣罗兰小金条口红2024哑光 口红礼盒礼物送女友生日礼物女,395.00,https://item.jd.com/100080355970.html
60,京东国际圣罗兰（YSL）小金条口红1966 哑光红棕色 唇膏礼品 生日新年礼物送女友,269.00,https://item.jd.com/100086949938.html
61,YSL圣罗兰小金条口红1966红棕色礼盒礼物送女友生日礼物女,395.00,https://item.jd.com/100029079354.html
62,卡姿兰口红轻雾感哑光唇膏女持久滋润保湿不易掉色不沾杯生日礼物送女友 13#暧昧,89.00,https://item.jd.com/34863037520.html
63,阿玛尼口红权力唇膏#214暧昧奶杏 润泽镜面显白 礼盒生日礼物送女友,390.00,https://item.jd.com/100051258859.html
64,卡姿兰（Carslan）粉悦木马口红礼盒雾感哑光唇膏不易沾杯mini6支套装 生日礼物,79.00,https://item.jd.com/6291116.html
65,花西子雕花口红3.2g 口红生日礼物送女友M408子期绣,129.00,https://item.jd.com/100016002830.html
66,迪奥DIOR 烈艳蓝金口红 丝绒哑光999 生日礼物送女友 臻享礼袋,400.00,https://item.jd.com/100056057296.html
67,阿玛尼红管唇釉#405番茄红 丝绒哑光显白口红 礼盒生日礼物送女友,380.00,https://item.jd.com/100033887258.html
68,兰蔻196口红哑光雾面唇膏 经典朱砂橘 化妆品礼盒生日礼物送女友,350.00,https://item.jd.com/100012529857.html
69,LEKKIMAZC口红小样子弹头唇膏官釉不掉色不沾杯方送女朋友生日礼物,35.00,https://item.jd.com/100072960073.html
70,京东国际圣罗兰（YSL）小金条口红21复古正红2.2g 哑光唇膏 生日新年礼物送女友,199.00,https://item.jd.com/100039202940.html
71,兰蔻312裸唇釉裸柔桃 哑光奶茶色口红唇膏礼盒化妆品生日礼物送女友,350.00,https://item.jd.com/100099348054.html
72,完美日记丝绒唇釉迷你套组4支装口红显白礼盒生日新年情人节礼物送女友,78.00,https://item.jd.com/100007191937.html
73,阿玛尼全新裸粉水唇釉#14肌肤之裸 水光小粉盖口红 礼盒生日礼物送女友,380.00,https://item.jd.com/100100013880.html
74,LEKKIMAZC口红小样子弹头唇膏官釉不掉色不沾杯方送女朋友生日礼物,35.00,https://item.jd.com/100072960053.html
75,花西子同心锁口红3.2g 生日礼物送女友M1314红枫柿子,219.00,https://item.jd.com/100012969173.html
76,京东国际纪梵希（Givenchy）高定香榭红丝绒小羊皮口红 大理石唇膏 生日礼物送女友 粉丝绒N37 先锋正红,149.00,https://item.jd.com/10097971909036.html
77,京东国际古驰（GUCCI）口红礼盒套装 gucci口红唇膏套盒口红送女友老婆情人节生日礼物 送礼盒丨古驰505#限定版复古珍妮特,199.00,https://item.jd.com/10041891260181.html
78,纪梵希（Givenchy）高定香榭粉丝绒N27口红唇膏礼袋 豆沙色 生日礼物送女友,400.00,https://item.jd.com/100012563721.html
79,卡姿兰（Carslan）雾忘我双支口红礼盒显白(M1920+M8013)3.2g*2 圣诞礼物送女友,184.00,https://item.jd.com/100056599755.html
80,卡姿兰（Carslan）雾吻唇膏口红不易沾杯半哑光显白M05(奶油萝卜)3.2g 生日礼物送礼,99.00,https://item.jd.com/100012377628.html
81,京东国际古驰（GUCCI）口红505哑光唇膏碎花口红礼盒生日礼物套装送女友老婆纪念日礼物 【NO.1】金管哑光505#枫叶红棕,209.00,https://item.jd.com/10042187079798.html
82,卡姿兰（Carslan）雾吻唇膏口红不易沾杯半哑光显白M06(蜜桃乌龙)3.2g 生日礼物,99.00,https://item.jd.com/100006789795.html
83,TOM FORD黑管TF口红16哑光斯嘉丽红唇膏 生日礼物女送女友,500.00,https://item.jd.com/100033323170.html
84,草萨（CaoSa）小金条口红三件套防水不沾杯持久滋润保湿唇膏雾面百搭三件套,78.30,https://item.jd.com/100061176937.html
85,YSL圣罗兰口红香水礼盒2024+自由之水50ml口红礼盒送女友生日礼物女,1610.00,https://item.jd.com/100077874913.html
86,迪奥DIOR 烈艳蓝金唇膏口红 缎光999 生日礼物送女友 臻享礼袋,400.00,https://item.jd.com/100047472564.html
87,卡姿兰（Carslan）节日限定款雾吻口红礼盒双支（M314+M1592） 3.2g*2 生日礼物,198.00,https://item.jd.com/100087648492.html
88,纪梵希（Givenchy）高定禁忌小羊皮N306口红礼袋 唇膏 斩男色 生日礼物送女友,400.00,https://item.jd.com/100012404503.html
89,YSL圣罗兰小金条口红2024哑光 口红礼盒礼物送女友生日礼物女,395.00,https://item.jd.com/100080355970.html
90,京东国际圣罗兰（YSL）小金条口红1966 哑光红棕色 唇膏礼品 生日新年礼物送女友,269.00,https://item.jd.com/100086949938.html
