id,title,price,mark,sale_Num,good_comment_num,url
1,二维科普手绘MG动漫AE逐帧产品flash动画制作设计,¥50,4.5,3000+,2000+,https://www.zbj.com/fw/1860358.html?pdcode=3&pos=1&ym=1&pst=classificationsearchf-list-window-1-1&xdverid=1717335&fr=keyword&version=1
2,工程施工建模三维动画制作3D产品工业机械医学医疗器械视频,¥100,4.4,7,7,https://www.zbj.com/fw/1786201.html?pdcode=2&pos=2&ym=1&pst=classificationsearchf-list-window-1-2&xdverid=1745659237356273673&fr=tgt&version=1
3,MG动画扁平宣传讲解flash动画科普二维动画定制,¥38,4.3,2,0,https://www.zbj.com/fw/1910070.html?pdcode=2&pos=3&ym=1&pst=classificationsearchf-list-window-1-3&xdverid=1634381686147907584&fr=tgt&version=1
4,产品三维动画医学医疗工业施工机械生产演示流程3d视频制作,¥100,4.4,98,98,https://www.zbj.com/fw/1782988.html?pdcode=2&pos=4&ym=1&pst=classificationsearchf-list-window-1-4&xdverid=1510085281267580928&fr=tgt&version=1
5,二维动画科教医疗flash动画制作企业宣传MG动画展示,¥88,4.3,2,0,https://www.zbj.com/fw/1908610.html?pdcode=2&pos=5&ym=1&pst=classificationsearchf-list-window-1-5&xdverid=1742433869602226176&fr=tgt&version=1
6,三维3D动画产品工业演示设备建筑园林景观游戏角色设计制作,¥100,4.6,200+,200+,https://www.zbj.com/fw/1878597.html?pdcode=17&pos=6&ym=1&pst=classificationsearchf-list-window-1-6&version=1
7,企业产品二维MG动画设计AE三维广告宣传片手绘视频定制作,¥50,4.5,1000+,600+,https://www.zbj.com/fw/236841.html?pdcode=17&pos=7&ym=1&pst=classificationsearchf-list-window-1-7&version=1
8,3D三维动画制作工程施工演绎建模工业产品安装机械原理医疗,¥100,4.4,8,8,https://www.zbj.com/fw/1809415.html?pdcode=2&pos=8&ym=1&pst=classificationsearchf-list-window-1-8&xdverid=1745659278770831369&fr=tgt&version=1
9,二维动画宣传MG企业产品动漫flash科普课件设计定制作,¥100,4.6,100+,100+,https://www.zbj.com/fw/1835638.html?pdcode=17&pos=9&ym=1&pst=classificationsearchf-list-window-1-9&version=1
10,MG动画企业3D产品AE二维视频三维影视剪辑宣传片定制作,¥60,4.5,500+,300+,https://www.zbj.com/fw/1832642.html?pdcode=17&pos=10&ym=1&pst=classificationsearchf-list-window-1-10&version=1
11,企业MG动画视频教育宣传推广二维动画定制做科普公益政府,¥40,4.3,12,1,https://www.zbj.com/fw/1828915.html?pdcode=2&pos=11&ym=1&pst=classificationsearchf-list-window-1-11&xdverid=1579353653804793856&fr=tgt&version=1
12,三维3d动画漫建筑地产品施工业设备演示流程视频设计定制作,¥100,4.5,300+,300+,https://www.zbj.com/fw/1879441.html?pdcode=17&pos=12&ym=1&pst=classificationsearchf-list-window-1-12&version=1
13,【动画制作】MG动画flash科普二维动画AE频设计定制,¥100,4.5,200+,200+,https://www.zbj.com/fw/1877739.html?pdcode=17&pos=13&ym=1&pst=classificationsearchf-list-window-1-13&version=1
14,游戏制作手游PC端H5网页小程序3D小游戏定制作游戏开发,¥200,4.5,17,17,https://www.zbj.com/fw/1924163.html?pdcode=2&pos=14&ym=1&pst=classificationsearchf-list-window-1-14&xdverid=1700410247669088256&fr=tgt&version=1
15,MG动画二维科普GIF动画AE飞碟说flash手绘CG,¥55,4.5,100+,11,https://www.zbj.com/fw/1796713.html?pdcode=17&pos=15&ym=1&pst=classificationsearchf-list-window-1-15&version=1
16,MG动画制作设计Flash二维手绘漫插画逐帧AE企业视频,¥50,4.5,90,82,https://www.zbj.com/fw/1565862.html?pdcode=17&pos=16&ym=1&pst=classificationsearchf-list-window-1-16&version=1
17,礼物动画坐骑座驾svga进场特效挂件气泡框头像框勋章动效,¥100,4.3,6,3,https://www.zbj.com/fw/1463892.html?pdcode=2&pos=17&ym=1&pst=classificationsearchf-list-window-1-17&xdverid=1529687288135548928&fr=tgt&version=1
18,mg动画制作MG动画动画设计科普动画AE飞碟说flash,¥50,4.5,100+,12,https://www.zbj.com/fw/1719845.html?pdcode=17&pos=18&ym=1&pst=classificationsearchf-list-window-1-18&version=1
19,企业动画产品MG三维AE二维广告宣传片手绘视频定制作,¥50,4.5,96,94,https://www.zbj.com/fw/1774432.html?pdcode=17&pos=19&ym=1&pst=classificationsearchf-list-window-1-19&version=1
20,广告动画MG二维三维宣传片AEANflash动画设计制作,¥100,4.3,45,9,https://www.zbj.com/fw/1421486.html?pdcode=17&pos=20&ym=1&pst=classificationsearchf-list-window-1-20&version=1
21,动画制作MG动画flash动画二维三维AE手绘动漫设计,¥100,4.6,97,17,https://www.zbj.com/fw/2013927.html?pdcode=17&pos=21&ym=1&pst=classificationsearchf-list-window-1-21&version=1
22,三维建模三维二维动画视频制作动画制作地编模型效果图渲染,¥100,4.5,900+,700+,https://www.zbj.com/fw/1511013.html?pdcode=17&pos=22&ym=1&pst=classificationsearchf-list-window-1-22&version=1
23,MG动画二维三维flashANAE短视频剪辑动画设计制作,¥30,4.3,39,8,https://www.zbj.com/fw/764388.html?pdcode=17&pos=23&ym=1&pst=classificationsearchf-list-window-1-23&version=1
24,3D动画三维动画建模抖音UE地编动作捕捉视频剪辑拍摄后期,¥100,4.5,300+,300+,https://www.zbj.com/fw/1647909.html?pdcode=17&pos=24&ym=1&pst=classificationsearchf-list-window-1-24&version=1
25,宣传片影视制作三维动画MG/AE二维后期视频剪辑抖音配音,¥50,4.3,100+,51,https://www.zbj.com/fw/1787324.html?pdcode=17&pos=25&ym=1&pst=classificationsearchf-list-window-1-25&version=1
26,MG动画gif制作课件flash动画医疗二维三维AE设计,¥30,4.3,36,24,https://www.zbj.com/fw/1426081.html?pdcode=17&pos=26&ym=1&pst=classificationsearchf-list-window-1-26&version=1
27,AE/MG三维动画宣传片影视制作产品动画视频剪辑配音淘宝,¥50,4.3,44,16,https://www.zbj.com/fw/1788222.html?pdcode=17&pos=27&ym=1&pst=classificationsearchf-list-window-1-27&version=1
28,二维动画设计mgFlash飞碟说逐帧软件手绘宣传动画制作,¥50,4.4,66,19,https://www.zbj.com/fw/1674714.html?pdcode=17&pos=28&ym=1&pst=classificationsearchf-list-window-1-28&version=1
29,二维三维MG手绘动画设计制作动漫视频AE动画光荣动漫,¥100,4.6,800+,800+,https://www.zbj.com/fw/1908308.html?pdcode=17&pos=29&ym=1&pst=classificationsearchf-list-window-1-29&version=1
30,企业三维动画制作mg二维宣传片产品牌3D广告ip施工机械,¥150,4.3,13,4,https://www.zbj.com/fw/1879423.html?pdcode=17&pos=30&ym=1&pst=classificationsearchf-list-window-1-30&version=1
31,动画制作科普flash二维MG公益教育政策科健宣传视频,¥60,4.4,1,0,https://www.zbj.com/fw/1923524.html?pdcode=17&pos=31&ym=1&pst=classificationsearchf-list-window-1-31&version=1
32,企业三维动画制作设计mg二维宣传片视频3D施工机械医疗,¥150,4.3,15,1,https://www.zbj.com/fw/1145283.html?pdcode=17&pos=32&ym=1&pst=classificationsearchf-list-window-1-32&version=1
33,二三维产品动画动漫设计流程MG渲染影视频制作拍摄剪辑包,¥100,4.5,9,5,https://www.zbj.com/fw/1976712.html?pdcode=17&pos=33&ym=1&pst=classificationsearchf-list-window-1-33&version=1
34,三维3d动画漫建筑地产品施工业设备演示流程视频设计定制作,¥100,4.2,1,1,https://www.zbj.com/fw/2027539.html?pdcode=17&pos=34&ym=1&pst=classificationsearchf-list-window-1-34&version=1
35,游戏制作3DUNITY游戏开发APP手游H5网页制作游戏,¥105,4.6,52,56,https://www.zbj.com/fw/1955164.html?pdcode=17&pos=35&ym=1&pst=classificationsearchf-list-window-1-35&version=1
36,三维建模三维动画视频制作动画制作地编模型效果图渲染,¥100,4.5,5,5,https://www.zbj.com/fw/1976723.html?pdcode=17&pos=36&ym=1&pst=classificationsearchf-list-window-1-36&version=1
37,制作游戏3D游戏开发APP游戏UNITYH5网页游戏制作,¥105,4.6,49,53,https://www.zbj.com/fw/1955193.html?pdcode=17&pos=37&ym=1&pst=classificationsearchf-list-window-1-37&version=1
38,二维动画制作MG飞碟说企业flash广告app漫医疗设计,¥60,4.4,1,0,https://www.zbj.com/fw/1921517.html?pdcode=17&pos=38&ym=1&pst=classificationsearchf-list-window-1-38&version=1
39,MG动画制作三维产品3D手绘AE动画flash广告视频,¥4000,4.5,5,0,https://www.zbj.com/fw/1796729.html?pdcode=17&pos=39&ym=1&pst=classificationsearchf-list-window-1-39&version=1
40,MG二维逐帧flash动画广告视频制作后期*,¥50,4.4,3,2,https://www.zbj.com/fw/1674535.html?pdcode=17&pos=40&ym=1&pst=classificationsearchf-list-window-1-40&version=1
41,三维3D产品机械科普施工安全工业裸眼3D器械动画制作设计,¥80,4.5,3000+,2000+,https://www.zbj.com/fw/1871746.html?pdcode=17&pos=41&ym=1&pst=classificationsearchf-list-window-1-41&version=1
42,MG二维动画三维AE手绘动漫形象设计企业产品宣传视频制作,¥50,4.4,100+,100+,https://www.zbj.com/fw/926426.html?pdcode=17&pos=42&ym=1&pst=classificationsearchf-list-window-1-42&version=1
43,二维科普手绘MG动漫AE逐帧产品flash动画制作设计,¥50,4.5,3000+,2000+,https://www.zbj.com/fw/1860358.html?pdcode=17&pos=43&ym=1&pst=classificationsearchf-list-window-1-43&version=1
44,二维AE三维3D建模特效动画设计制作片头产品演示流程,¥80,4.4,22,17,https://www.zbj.com/fw/1435811.html?pdcode=17&pos=44&ym=1&pst=classificationsearchf-list-window-1-44&version=1
45,MG动画二三维AE3D企业产品宣传片头fiash设计定,¥100,4.4,2,0,https://www.zbj.com/fw/1933548.html?pdcode=17&pos=45&ym=1&pst=classificationsearchf-list-window-1-45&version=1
46,二维AE手绘MG三维3D企业产品动画制作动漫年会动画设计,¥100,4.4,30,22,https://www.zbj.com/fw/902366.html?pdcode=17&pos=46&ym=1&pst=classificationsearchf-list-window-1-46&version=1
47,3D工业产品机械企业三维动画视频制作,¥100,4.4,2,0,https://www.zbj.com/fw/1933644.html?pdcode=17&pos=47&ym=1&pst=classificationsearchf-list-window-1-47&version=1
48,MG动画二维动画逐帧flash三维动画视频制作动画3D,¥35,4.4,25,24,https://www.zbj.com/fw/735428.html?pdcode=17&pos=48&ym=1&pst=classificationsearchf-list-window-1-48&version=1
49,三维动画制作动画制作动漫游戏设计房地产政府工业汽车旅游博,¥100,4.4,21,15,https://www.zbj.com/fw/1441957.html?pdcode=17&pos=49&ym=1&pst=classificationsearchf-list-window-1-49&version=1
50,宣传片产品三维动画MG动画3d动画二维动画制作三维设计,¥150,4.4,27,25,https://www.zbj.com/fw/735412.html?pdcode=17&pos=50&ym=1&pst=classificationsearchf-list-window-1-50&version=1
51,3D产品机械建筑模器械生产线原理医学演绎演示三维动画视频,¥100,4.4,100+,100+,https://www.zbj.com/fw/1809420.html?pdcode=17&pos=51&ym=1&pst=classificationsearchf-list-window-1-51&version=1
52,mg动画制作flash二维动画设计手绘动画视频制作宣传片,¥40,4.5,76,78,https://www.zbj.com/fw/957192.html?pdcode=17&pos=52&ym=1&pst=classificationsearchf-list-window-1-52&version=1
53,二三维动画制作3d动画mg动画教育科普动画宣传片制作,¥40,4.5,75,77,https://www.zbj.com/fw/1786417.html?pdcode=17&pos=53&ym=1&pst=classificationsearchf-list-window-1-53&version=1
54,二维AE三维MG3D动画宣传片拍摄剪辑定制企业产品牌视频,¥100,4.6,44,33,https://www.zbj.com/fw/1794655.html?pdcode=17&pos=54&ym=1&pst=classificationsearchf-list-window-1-54&version=1
55,动画制作场景设计三维特效场景建模3d动画片头动画产品动画,¥100,4.3,37,6,https://www.zbj.com/fw/1882612.html?pdcode=17&pos=55&ym=1&pst=classificationsearchf-list-window-1-55&version=1
56,二维动画制作mg动画创意动画年会动画演示动画宣传婚礼课件,¥100,4.4,16,15,https://www.zbj.com/fw/1758588.html?pdcode=17&pos=56&ym=1&pst=classificationsearchf-list-window-1-56&version=1
57,三维动画制作产品场景室内机械工程建筑建模动画,¥100,4.3,16,6,https://www.zbj.com/fw/1889500.html?pdcode=17&pos=57&ym=1&pst=classificationsearchf-list-window-1-57&version=1
58,3D工艺产品机械桥梁建模地产投标工程施工演绎演示三维动画,¥100,4.4,14,14,https://www.zbj.com/fw/1901563.html?pdcode=17&pos=58&ym=1&pst=classificationsearchf-list-window-1-58&version=1
59,插画风动画手绘逐帧动画软件APP动画企业宣传动画广告医疗,¥100,4.6,5,1,https://www.zbj.com/fw/1813185.html?pdcode=17&pos=59&ym=1&pst=classificationsearchf-list-window-1-59&version=1
60,MG企业宣传医疗公益科普产品演绎AE二维创意广告动画制作,¥50,4.4,8,8,https://www.zbj.com/fw/1902186.html?pdcode=17&pos=60&ym=1&pst=classificationsearchf-list-window-1-60&version=1
61,企业二维mg动画科普flash产品公益宣传医疗设计制作,¥100,4.6,100+,100+,https://www.zbj.com/fw/1878619.html?pdcode=17&pos=1&ym=1&pst=classificationsearchf-list-window-2-1&version=1
62,动画设计定制作AE产品MG手绘动漫flash逐帧公益课件,¥50,4.5,15,14,https://www.zbj.com/fw/1569795.html?pdcode=17&pos=2&ym=1&pst=classificationsearchf-list-window-2-2&version=1
63,三维3d动画漫建筑地产品施工业设备演示流程视频设计定制作,¥100,4.6,56,56,https://www.zbj.com/fw/1835643.html?pdcode=17&pos=3&ym=1&pst=classificationsearchf-list-window-2-3&version=1
64,AE动画MG二维三维宣传片flashANAE动画设计制作,¥50,4.3,6,0,https://www.zbj.com/fw/1421490.html?pdcode=17&pos=4&ym=1&pst=classificationsearchf-list-window-2-4&version=1
65,二维科普手绘MG动漫AE逐帧产品flash动画制作设计,¥100,4.5,42,27,https://www.zbj.com/fw/1879436.html?pdcode=17&pos=5&ym=1&pst=classificationsearchf-list-window-2-5&version=1
66,【高性价比】MGflashAEAN产品宣传广告抖音短视频,¥50,4.3,9,3,https://www.zbj.com/fw/744984.html?pdcode=17&pos=6&ym=1&pst=classificationsearchf-list-window-2-6&version=1
67,春节拜年政府年终总结企业公司大会年会视频记录拍摄定制,¥50,4.5,5,4,https://www.zbj.com/fw/1883297.html?pdcode=17&pos=7&ym=1&pst=classificationsearchf-list-window-2-7&version=1
68,MG动画制作设计二维3D三维广告片产品宣传片AE视频制作,¥35,4.3,13,0,https://www.zbj.com/fw/1879383.html?pdcode=17&pos=8&ym=1&pst=classificationsearchf-list-window-2-8&version=1
69,游戏制作h5微信游戏APP手游互动营销小游戏开发制作游戏,¥105,4.6,4,3,https://www.zbj.com/fw/1955197.html?pdcode=17&pos=9&ym=1&pst=classificationsearchf-list-window-2-9&version=1
70,二维MG手绘Flash插画AE科普动画制作动漫设计,¥50,4.3,15,1,https://www.zbj.com/fw/1807713.html?pdcode=17&pos=10&ym=1&pst=classificationsearchf-list-window-2-10&version=1
71,游戏制作APP手游h5营销互动游戏微信小游戏开发制作游戏,¥105,4.6,4,3,https://www.zbj.com/fw/1955214.html?pdcode=17&pos=11&ym=1&pst=classificationsearchf-list-window-2-11&version=1
72,三维动画片头动画园林景观动画建筑漫游动画,¥202,4.5,5,5,https://www.zbj.com/fw/1509461.html?pdcode=17&pos=12&ym=1&pst=classificationsearchf-list-window-2-12&version=1
73,礼物三维动画特效svga头像框3d制作座驾进场勋章坐骑,¥50,4.3,4,2,https://www.zbj.com/fw/1838412.html?pdcode=17&pos=13&ym=1&pst=classificationsearchf-list-window-2-13&version=1
74,梵尚设计3D动画三维动画军工类动画演示动画三维动画制作,¥201,4.5,5,5,https://www.zbj.com/fw/1646747.html?pdcode=17&pos=14&ym=1&pst=classificationsearchf-list-window-2-14&version=1
75,三维3d特效动画制作产品工业综艺节目呼号栏目片头包装,¥30,4.3,3,3,https://www.zbj.com/fw/1445986.html?pdcode=17&pos=15&ym=1&pst=classificationsearchf-list-window-2-15&version=1
76,ae二维mg动画制作演示流程工业企业宣传片制作三维动画,¥2000,4.5,5,0,https://www.zbj.com/fw/1796641.html?pdcode=17&pos=16&ym=1&pst=classificationsearchf-list-window-2-16&version=1
77,视频剪辑影视制作二维三维动画企业宣传片制作抖音淘宝剪辑,¥50,4.3,4,1,https://www.zbj.com/fw/1787332.html?pdcode=17&pos=17&ym=1&pst=classificationsearchf-list-window-2-17&version=1
78,3D施工业医疗CG流程产品牌演示漫游戏三维动画设计定制作,¥101,4.5,100+,91,https://www.zbj.com/fw/1877731.html?pdcode=17&pos=18&ym=1&pst=classificationsearchf-list-window-2-18&version=1
79,ae二维mg动画制作演示流程工业企业宣传片制作三维动画,¥2000,4.5,10,0,https://www.zbj.com/fw/1878435.html?pdcode=17&pos=19&ym=1&pst=classificationsearchf-list-window-2-19&version=1
80,动画三维动画视频产品动画视频产品宣传产品动画3D角色动画,¥150,4.4,13,13,https://www.zbj.com/fw/748120.html?pdcode=17&pos=20&ym=1&pst=classificationsearchf-list-window-2-20&version=1
81,三维3D医学动画生产流程动画工程机械科普系统动画制作设计,¥50,4.5,300+,300+,https://www.zbj.com/fw/1910067.html?pdcode=17&pos=21&ym=1&pst=classificationsearchf-list-window-2-21&version=1
82,工程施工产品机械安装工业地产三维动画制作3D演示视频,¥100,4.4,22,22,https://www.zbj.com/fw/1912996.html?pdcode=17&pos=22&ym=1&pst=classificationsearchf-list-window-2-22&version=1
83,flash动画二三维MG逐帧手绘产品AE科普动画制作设计,¥50,4.5,200+,200+,https://www.zbj.com/fw/1882114.html?pdcode=17&pos=23&ym=1&pst=classificationsearchf-list-window-2-23&version=1
84,其他动画制作3d产品三维营销短视频数码抖音电商营销推广,¥100,4.4,16,15,https://www.zbj.com/fw/1868376.html?pdcode=17&pos=24&ym=1&pst=classificationsearchf-list-window-2-24&version=1
85,mg动画制作设计二维AE动画GIF动画动态图片头制作,¥50,4.3,16,8,https://www.zbj.com/fw/1744545.html?pdcode=17&pos=25&ym=1&pst=classificationsearchf-list-window-2-25&version=1
86,产品动画三维医学医疗机械原理施工演示演绎3d视频CG制作,¥100,4.4,15,13,https://www.zbj.com/fw/1880400.html?pdcode=17&pos=26&ym=1&pst=classificationsearchf-list-window-2-26&version=1
87,产品动画三维医学医疗工业建模机械原理演示演绎3d视频制作,¥100,4.4,6,6,https://www.zbj.com/fw/1901531.html?pdcode=17&pos=27&ym=1&pst=classificationsearchf-list-window-2-27&version=1
88,mg动画制作flash短视频设计动漫广告短片二三维动画制,¥100,4.4,5,4,https://www.zbj.com/fw/1608549.html?pdcode=17&pos=28&ym=1&pst=classificationsearchf-list-window-2-28&version=1
89,MG动画科普视频制作flash医疗微课PPT施工三维设计,¥50,4.3,5,4,https://www.zbj.com/fw/642174.html?pdcode=17&pos=29&ym=1&pst=classificationsearchf-list-window-2-29&version=1
90,三维产品演示工业流程安全生产3D角色建筑施工工艺投标动画,¥150,4.1,5,4,https://www.zbj.com/fw/1910848.html?pdcode=17&pos=30&ym=1&pst=classificationsearchf-list-window-2-30&version=1
91,二维动画MG动画制作企业宣传片科普动画视频AE动画广告,¥100,4.6,4,3,https://www.zbj.com/fw/1813434.html?pdcode=17&pos=31&ym=1&pst=classificationsearchf-list-window-2-31&version=1
92,二维mg动画制作设计手绘动画片头制作产品广告宣传脚本制作,¥50,4.3,4,3,https://www.zbj.com/fw/1871359.html?pdcode=17&pos=32&ym=1&pst=classificationsearchf-list-window-2-32&version=1
93,二维动画制作flash动画宣传片制作网站，自媒体,¥100,4.6,4,0,https://www.zbj.com/fw/1813431.html?pdcode=17&pos=33&ym=1&pst=classificationsearchf-list-window-2-33&version=1
94,mg飞碟说银行科普教育产品宣传政府二维flash动画制作,¥50,4.4,4,4,https://www.zbj.com/fw/1902224.html?pdcode=17&pos=34&ym=1&pst=classificationsearchf-list-window-2-34&version=1
95,工业工程动画二维三维动画制作设计视频制作,¥100,4.4,3,1,https://www.zbj.com/fw/1933210.html?pdcode=17&pos=35&ym=1&pst=classificationsearchf-list-window-2-35&version=1
96,企业宣传片视频剪辑制作MG动画AE配音三维特效,¥100,4.4,2,0,https://www.zbj.com/fw/1921461.html?pdcode=17&pos=36&ym=1&pst=classificationsearchf-list-window-2-36&version=1
97,影视动画企业二维三维产品动画宣传片制作剪辑,¥100,4.4,3,1,https://www.zbj.com/fw/1933224.html?pdcode=17&pos=37&ym=1&pst=classificationsearchf-list-window-2-37&version=1
98,MG动画宣传片二维动画视频制作flash动画AE宣传片,¥40,4.5,2,2,https://www.zbj.com/fw/957279.html?pdcode=17&pos=38&ym=1&pst=classificationsearchf-list-window-2-38&version=1
99,抖音短视频虚拟主播偶像二次元3D数字人动态直播特效开发,¥105,4.5,1,0,https://www.zbj.com/fw/2026169.html?pdcode=17&pos=39&ym=1&pst=classificationsearchf-list-window-2-39&version=1
100,【三维动画】三维动画制作 产品动画 建筑动画3D动画制作,¥100,4.2,1,3,https://www.zbj.com/fw/1341552.html?pdcode=17&pos=40&ym=1&pst=classificationsearchf-list-window-2-40&version=1
101,专业次世代全流程三维建模动画制作,¥200,4.0,0,0,https://www.zbj.com/fw/2020158.html?pdcode=17&pos=41&ym=1&pst=classificationsearchf-list-window-2-41&version=1
102,短视抖音3D虚拟主播偶像二次元数字人动态直播特效开发,¥105,4.5,0,0,https://www.zbj.com/fw/2024052.html?pdcode=17&pos=42&ym=1&pst=classificationsearchf-list-window-2-42&version=1
103,三维动画渲染工程施工动画制作设备演示3d视频制作全息视频,¥1755,4.1,0,0,https://www.zbj.com/fw/2025695.html?pdcode=17&pos=43&ym=1&pst=classificationsearchf-list-window-2-43&version=1
104,二维动画/三维动画/Vi设计LOG0/包装设计,¥10,0,0,0,https://www.zbj.com/fw/2022639.html?pdcode=17&pos=44&ym=1&pst=classificationsearchf-list-window-2-44&version=1
105,U3D制作Unity开发特效设计UE4制作效果渲染,¥1555,4.1,0,0,https://www.zbj.com/fw/2026857.html?pdcode=17&pos=45&ym=1&pst=classificationsearchf-list-window-2-45&version=1
106,企业厂区三维建模动画,¥800,0,0,0,https://www.zbj.com/fw/2022786.html?pdcode=17&pos=46&ym=1&pst=classificationsearchf-list-window-2-46&version=1
107,企业动画产品MG三维AE二维广告宣传片手绘视频定制作,¥100,4.0,0,0,https://www.zbj.com/fw/2022614.html?pdcode=17&pos=47&ym=1&pst=classificationsearchf-list-window-2-47&version=1
108,木塔三维建模宣传动画,¥500,0,0,0,https://www.zbj.com/fw/2021525.html?pdcode=17&pos=48&ym=1&pst=classificationsearchf-list-window-2-48&version=1
109,产品三维3D机械科普施工安全工业裸眼3D器械动画制作设计,¥100,4.2,0,0,https://www.zbj.com/fw/2027551.html?pdcode=17&pos=49&ym=1&pst=classificationsearchf-list-window-2-49&version=1
110,【MG动画】IP人物设计丨原画动态分镜至成片丨剧情演绎,¥102,3.9,1,1,https://www.zbj.com/fw/2015490.html?pdcode=17&pos=50&ym=1&pst=classificationsearchf-list-window-2-50&version=1
111,3D三维产品动画 角色动画 演示动画,¥100,4.2,0,0,https://www.zbj.com/fw/2030676.html?pdcode=17&pos=51&ym=1&pst=classificationsearchf-list-window-2-51&version=1
112,【专题二维动画】幼儿教育丨教育课件丨知识科普丨流程讲解,¥50,3.9,1,1,https://www.zbj.com/fw/2015605.html?pdcode=17&pos=52&ym=1&pst=classificationsearchf-list-window-2-52&version=1
113,三维动画制作3D动画建筑演示动画产品动画特效安全片头工业,¥50,0,2,2,https://www.zbj.com/fw/667184.html?pdcode=17&pos=53&ym=1&pst=classificationsearchf-list-window-2-53&version=1
114,二维动画游戏制作 FLASH、MG动画 课件定制电子贺卡,¥60,4.0,1,0,https://www.zbj.com/fw/2014613.html?pdcode=17&pos=54&ym=1&pst=classificationsearchf-list-window-2-54&version=1
115,MG动画AE二维广告宣传片AN插画动画制作视频剪辑制作,¥50,4.0,0,0,https://www.zbj.com/fw/1946020.html?pdcode=17&pos=55&ym=1&pst=classificationsearchf-list-window-2-55&version=1
116,三维动画3D动画产品动画漫游动画建筑动画工业流程动画制作,¥2000,4.6,0,0,https://www.zbj.com/fw/1912057.html?pdcode=17&pos=56&ym=1&pst=classificationsearchf-list-window-2-56&version=1
117,三维企业MG动画3D产品AE二维视频影视剪辑宣传片定制作,¥50,4.5,2,2,https://www.zbj.com/fw/1825140.html?pdcode=17&pos=57&ym=1&pst=classificationsearchf-list-window-2-57&version=1
118,游戏制作手游PC端H5网页小程序3D小游戏定制作游戏开发,¥200,4.5,17,17,https://www.zbj.com/fw/1924163.html?pdcode=17&pos=58&ym=1&pst=classificationsearchf-list-window-2-58&version=1
119,二维AE企业产品牌MG手绘逐帧广告科普课件动画设计定制作,¥30,4.2,31,31,https://www.zbj.com/fw/1882698.html?pdcode=17&pos=59&ym=1&pst=classificationsearchf-list-window-2-59&version=1
120,三维动画制作机械动画裸眼3D全息产品演示建筑工艺流程演示,¥100,4.3,19,12,https://www.zbj.com/fw/1966471.html?pdcode=17&pos=60&ym=1&pst=classificationsearchf-list-window-2-60&version=1
121,二维动画flash手绘MG广告AE手绘逐帧动画设计制作,¥5,4.3,8,1,https://www.zbj.com/fw/757142.html?pdcode=17&pos=1&ym=1&pst=classificationsearchf-list-window-3-1&version=1
122,三维片头动画制作演绎电视栏目包装片尾版式频道整包,¥500,4.3,3,3,https://www.zbj.com/fw/837436.html?pdcode=17&pos=2&ym=1&pst=classificationsearchf-list-window-3-2&version=1
123,企业动画MG二维三维宣传片flashANAE动画设计制作,¥50,4.3,6,0,https://www.zbj.com/fw/1797512.html?pdcode=17&pos=3&ym=1&pst=classificationsearchf-list-window-3-3&version=1
124,建筑漫游动画三维动画片头动画园林景观动画三维建模,¥201,4.5,5,5,https://www.zbj.com/fw/1509465.html?pdcode=17&pos=4&ym=1&pst=classificationsearchf-list-window-3-4&version=1
125,游戏三维CG动画制作3D片头演示次世代解说视频宣传片,¥150,4.3,4,0,https://www.zbj.com/fw/1838291.html?pdcode=17&pos=5&ym=1&pst=classificationsearchf-list-window-3-5&version=1
126,3d建模3D效果图三维建模三维效果图三维视频3d产品建模,¥201,4.5,4,4,https://www.zbj.com/fw/1666595.html?pdcode=17&pos=6&ym=1&pst=classificationsearchf-list-window-3-6&version=1
127,二维AE企业产品牌MG手绘逐帧活动流程教育动画设计定制作,¥101,4.5,7,5,https://www.zbj.com/fw/1879430.html?pdcode=17&pos=7&ym=1&pst=classificationsearchf-list-window-3-7&version=1
128,二维AE科普宣传MG手绘动漫flash逐帧飞碟说动画设计,¥51,4.5,1,0,https://www.zbj.com/fw/1878437.html?pdcode=17&pos=8&ym=1&pst=classificationsearchf-list-window-3-8&version=1
129,二维AE企业产品牌MG手绘逐帧Flash动画片设计定制作,¥101,4.5,3,3,https://www.zbj.com/fw/2012558.html?pdcode=17&pos=9&ym=1&pst=classificationsearchf-list-window-3-9&version=1
130,二维MG动画产品逐帧手绘课件动画flash动画制作设计,¥50,4.5,100+,100+,https://www.zbj.com/fw/1875309.html?pdcode=17&pos=10&ym=1&pst=classificationsearchf-list-window-3-10&version=1
131,3D三维动画制作工程施工演绎建模工业产品安装机械原理医疗,¥100,4.4,8,8,https://www.zbj.com/fw/1809415.html?pdcode=17&pos=11&ym=1&pst=classificationsearchf-list-window-3-11&version=1
132,其他动画制作礼物特效动画座驾飘屏动效,¥100,4.4,5,4,https://www.zbj.com/fw/2010183.html?pdcode=17&pos=12&ym=1&pst=classificationsearchf-list-window-3-12&version=1
133,MG手绘逐帧飞碟说政府机构公益银行廉洁科普动画设计制作,¥50,4.4,8,8,https://www.zbj.com/fw/1786184.html?pdcode=17&pos=13&ym=1&pst=classificationsearchf-list-window-3-13&version=1
134,mg动画制作flash短视频设计动漫广告短片二三维动画制,¥100,4.4,5,4,https://www.zbj.com/fw/1608549.html?pdcode=17&pos=14&ym=1&pst=classificationsearchf-list-window-3-14&version=1
135,二维三维课件科普mg动画制作设计宣传片剪辑年会视频影视,¥50,4.5,3,2,https://www.zbj.com/fw/1868434.html?pdcode=17&pos=15&ym=1&pst=classificationsearchf-list-window-3-15&version=1
136,MG动画二维3d视频宣传视频电商产品特效剪辑制作拍摄产品,¥25,4.6,2,2,https://www.zbj.com/fw/1497675.html?pdcode=17&pos=16&ym=1&pst=classificationsearchf-list-window-3-16&version=1
137,mg flash二维动画制作GIF LOGO动画MG动画,¥30,4.3,2,1,https://www.zbj.com/fw/1744835.html?pdcode=17&pos=17&ym=1&pst=classificationsearchf-list-window-3-17&version=1
138,二维动画MG动画制作网站视频宣传公益介绍科普,¥500,4.6,2,1,https://www.zbj.com/fw/1813438.html?pdcode=17&pos=18&ym=1&pst=classificationsearchf-list-window-3-18&version=1
139,企业高校微课数字动画绿幕录屏二维MG三维动画制作,¥80,4.4,2,0,https://www.zbj.com/fw/1881197.html?pdcode=17&pos=19&ym=1&pst=classificationsearchf-list-window-3-19&version=1
140,3D虚拟主播偶像短视频抖音二次元数字人动态捕捉直播开发,¥105,4.6,0,0,https://www.zbj.com/fw/2024550.html?pdcode=17&pos=20&ym=1&pst=classificationsearchf-list-window-3-20&version=1
141,二维三维动画医疗动画片头产品演示流程建模3D特效制作设计,¥100,4.4,2,0,https://www.zbj.com/fw/860331.html?pdcode=17&pos=21&ym=1&pst=classificationsearchf-list-window-3-21&version=1
142,产品三维3D机械科普施工安全工业裸眼3D器械动画制作设计,¥100,4.2,0,0,https://www.zbj.com/fw/2027551.html?pdcode=17&pos=22&ym=1&pst=classificationsearchf-list-window-3-22&version=1
143,【手术三维动画】3D医学科普丨培训&知识科普丨人体动画片,¥100,3.9,1,1,https://www.zbj.com/fw/2015613.html?pdcode=17&pos=23&ym=1&pst=classificationsearchf-list-window-3-23&version=1
144,物流营销二维**汽车动画旅游**mg设计制互联网游戏,¥50,4.5,3,3,https://www.zbj.com/fw/1883337.html?pdcode=17&pos=24&ym=1&pst=classificationsearchf-list-window-3-24&version=1
145,【二维动画】MG动画丨Flash动画丨情景剧情丨知识科普,¥500,3.9,1,1,https://www.zbj.com/fw/2015462.html?pdcode=17&pos=25&ym=1&pst=classificationsearchf-list-window-3-25&version=1
146,企业MG动画视频教育宣传推广二维动画定制做科普公益政府,¥40,4.3,12,1,https://www.zbj.com/fw/1828915.html?pdcode=17&pos=26&ym=1&pst=classificationsearchf-list-window-3-26&version=1
147,二维动画制作MG AE动画企业产品宣传科普讲解GIF动画,¥50,4.3,12,5,https://www.zbj.com/fw/1871363.html?pdcode=17&pos=27&ym=1&pst=classificationsearchf-list-window-3-27&version=1
148,VR/AR游戏开发3D/unity元宇宙虚拟线上体验展馆,¥200,4.5,5,5,https://www.zbj.com/fw/1960261.html?pdcode=17&pos=28&ym=1&pst=classificationsearchf-list-window-3-28&version=1
149,三维动画制作机械3DVR工程施工产品演示建筑工艺流程设计,¥50,4.3,5,4,https://www.zbj.com/fw/1884787.html?pdcode=17&pos=29&ym=1&pst=classificationsearchf-list-window-3-29&version=1
150,二维动画定制企业产品宣传MG动画制作手绘卡通科普公益动画,¥50,4.3,4,0,https://www.zbj.com/fw/1908629.html?pdcode=17&pos=30&ym=1&pst=classificationsearchf-list-window-3-30&version=1
151,flash动画MG、AE二维视频三维影视后期剪辑宣传制作,¥50,4.3,3,1,https://www.zbj.com/fw/1788368.html?pdcode=17&pos=31&ym=1&pst=classificationsearchf-list-window-3-31&version=1
152,PPT制作设计美化PPT动画keynote动态代做定制,¥100,4.3,2,2,https://www.zbj.com/fw/2014658.html?pdcode=17&pos=32&ym=1&pst=classificationsearchf-list-window-3-32&version=1
153,MG科普宣传教育动画只是****招生汇报公益安全电商动画,¥50,4.5,2,2,https://www.zbj.com/fw/1745125.html?pdcode=17&pos=33&ym=1&pst=classificationsearchf-list-window-3-33&version=1
154,MG动画制作二维动画制作产品品牌宣传片,¥200,4.0,2,0,https://www.zbj.com/fw/1981060.html?pdcode=17&pos=34&ym=1&pst=classificationsearchf-list-window-3-34&version=1
155,产品动画三维生产工艺流程工业机械演示原理城市建筑漫游动画,¥100,4.1,1,1,https://www.zbj.com/fw/1995312.html?pdcode=17&pos=35&ym=1&pst=classificationsearchf-list-window-3-35&version=1
156,【机械动画】3D三维重工业流程演示设备安装工厂视频设计制,¥100,3.9,1,0,https://www.zbj.com/fw/1934445.html?pdcode=17&pos=36&ym=1&pst=classificationsearchf-list-window-3-36&version=1
157,MG动画制作二维动画飞碟说flash动画制作政府宣传动画,¥600,4.2,1,1,https://www.zbj.com/fw/1899102.html?pdcode=17&pos=37&ym=1&pst=classificationsearchf-list-window-3-37&version=1
158,【飞碟说动画】MG动画制作AE二维产品APP政府医疗教育,¥50,4.2,1,1,https://www.zbj.com/fw/1907212.html?pdcode=17&pos=38&ym=1&pst=classificationsearchf-list-window-3-38&version=1
159,二维科普教育培训动画课件动画定格动画GIF制作APP推广,¥40,4.1,1,0,https://www.zbj.com/fw/1991780.html?pdcode=17&pos=39&ym=1&pst=classificationsearchf-list-window-3-39&version=1
160,【广州】MG二维动画制作设计企业产品科普宣传手绘AE,¥80,4.4,1,1,https://www.zbj.com/fw/1884688.html?pdcode=17&pos=40&ym=1&pst=classificationsearchf-list-window-3-40&version=1
161,MG动画flash二维动画手绘动画AE视频制作抖音营销,¥50,4.1,1,0,https://www.zbj.com/fw/393835.html?pdcode=17&pos=41&ym=1&pst=classificationsearchf-list-window-3-41&version=1
162,【成都】MG二维动画制作设计企业产品科普宣传手绘AE,¥80,4.4,1,0,https://www.zbj.com/fw/1882799.html?pdcode=17&pos=42&ym=1&pst=classificationsearchf-list-window-3-42&version=1
163,三维动画产品建模建筑机械工业3d演示角色mg拍摄设计视频,¥50,4.1,0,0,https://www.zbj.com/fw/1933916.html?pdcode=17&pos=43&ym=1&pst=classificationsearchf-list-window-3-43&version=1
164,【MG动画】飞碟说mgflash制作AE视频制作二维动漫,¥100,3.9,0,0,https://www.zbj.com/fw/1934427.html?pdcode=17&pos=44&ym=1&pst=classificationsearchf-list-window-3-44&version=1
165,三维动画视频制作产品建筑机械工业流程演示游戏角色裸眼VR,¥50,4.1,0,0,https://www.zbj.com/fw/1933909.html?pdcode=17&pos=45&ym=1&pst=classificationsearchf-list-window-3-45&version=1
166,动画建模,¥100,0,0,0,https://www.zbj.com/fw/1938833.html?pdcode=17&pos=46&ym=1&pst=classificationsearchf-list-window-3-46&version=1
167,二维动画AE制作MG手绘逐帧APP介绍教育医疗系统软件,¥100,4.3,0,0,https://www.zbj.com/fw/1988677.html?pdcode=17&pos=47&ym=1&pst=classificationsearchf-list-window-3-47&version=1
168,二维AE手绘MG三维3D动画制作动漫游戏设计,¥70,4.4,0,0,https://www.zbj.com/fw/1770558.html?pdcode=17&pos=48&ym=1&pst=classificationsearchf-list-window-3-48&version=1
169,二维MG动画定制作企业品牌产品软件系统项目讲解科普AE,¥100,4.3,0,0,https://www.zbj.com/fw/1988673.html?pdcode=17&pos=49&ym=1&pst=classificationsearchf-list-window-3-49&version=1
170,企业产品二维Flash三维建模动画制作设计影视频拍摄,¥100,4.4,0,0,https://www.zbj.com/fw/1770620.html?pdcode=17&pos=50&ym=1&pst=classificationsearchf-list-window-3-50&version=1
171,二维AE企业产品牌MG手绘逐帧活动流程教育动画设计定制作,¥888,4.2,0,0,https://www.zbj.com/fw/1962709.html?pdcode=17&pos=51&ym=1&pst=classificationsearchf-list-window-3-51&version=1
172,企业产品宣传片抖音短视频拍摄剪辑二维三维MG动画3D配音,¥50,4.2,0,0,https://www.zbj.com/fw/1899082.html?pdcode=17&pos=52&ym=1&pst=classificationsearchf-list-window-3-52&version=1
173,三维3D产品机械科普施工安全工业裸眼3D器械动画制作设计,¥1888,4.2,0,0,https://www.zbj.com/fw/1962572.html?pdcode=17&pos=53&ym=1&pst=classificationsearchf-list-window-3-53&version=1
174,3D施工业医疗CG产品设备游戏流程角色三维动画设计定制作,¥30,4.2,0,0,https://www.zbj.com/fw/1882712.html?pdcode=17&pos=54&ym=1&pst=classificationsearchf-list-window-3-54&version=1
175,企业宣传产品3D视频制作片影视后期剪辑卡通形象图片,¥100,4.5,0,0,https://www.zbj.com/fw/1566439.html?pdcode=17&pos=55&ym=1&pst=classificationsearchf-list-window-3-55&version=1
176,3D施工业医疗CG器械地产品牌演示角色三维动画设计定制作,¥100,4.2,0,0,https://www.zbj.com/fw/1882683.html?pdcode=17&pos=56&ym=1&pst=classificationsearchf-list-window-3-56&version=1
177,三维3D功能建模产品演示MG宣传企业CG动画制作设计,¥100,4.5,0,0,https://www.zbj.com/fw/1805007.html?pdcode=17&pos=57&ym=1&pst=classificationsearchf-list-window-3-57&version=1
178,MG动画二维三维flsah地产3D产品医疗课件动画定制作,¥100,0,0,0,https://www.zbj.com/fw/1836509.html?pdcode=17&pos=58&ym=1&pst=classificationsearchf-list-window-3-58&version=1
179,二维AE产品MG手绘Flash逐帧流程科普*动画设计,¥30,0,0,0,https://www.zbj.com/fw/1817237.html?pdcode=17&pos=59&ym=1&pst=classificationsearchf-list-window-3-59&version=1
180,【营销动画】三维二维MG企业产品宣传拍摄制作短视频公司,¥100,0,0,0,https://www.zbj.com/fw/1836510.html?pdcode=17&pos=60&ym=1&pst=classificationsearchf-list-window-3-60&version=1
