detailUrl,name,type,updateTimme
https://www.4399.com//flash/240135.htm,水下秘密,益智类,2024-03-31
https://www.4399.com//flash/240134.htm,救出罗宾,益智类,2024-03-31
https://www.4399.com//flash/240133.htm,救出小驴,益智类,2024-03-31
https://www.4399.com//flash/239118.htm,爆破弹珠,益智类,2024-03-31
https://www.4399.com//flash/239081.htm,纸飞机冒险飞行,敏捷篇,2024-03-31
https://www.4399.com//flash/240132.htm,女孩丛林逃脱,益智类,2024-03-31
https://www.4399.com//flash/240131.htm,重拳出击,敏捷篇,2024-03-31
https://www.4399.com//flash/240130.htm,凤头燕鸥逃生,益智类,2024-03-31
https://www.4399.com//flash/240127.htm,逃离大型水族馆,益智类,2024-03-31
https://www.4399.com//flash/240126.htm,昏暗儿童房逃生181,益智类,2024-03-31
https://www.4399.com//flash/239066.htm,面包机寻食物,敏捷篇,2024-03-30
https://www.4399.com//flash/239052.htm,子弹之蛇,敏捷篇,2024-03-30
https://www.4399.com//flash/240125.htm,小狗逃出圈套,益智类,2024-03-30
https://www.4399.com//flash/240124.htm,迷宫坟墓,益智类,2024-03-30
https://www.4399.com//flash/240123.htm,昏暗儿童房逃生183,益智类,2024-03-30
https://www.4399.com//flash/240122.htm,乡村欢乐俱乐部,益智类,2024-03-30
https://www.4399.com//flash/240121.htm,六只小猫,益智类,2024-03-30
https://www.4399.com//flash/240120.htm,解救狒狒,益智类,2024-03-30
https://www.4399.com//flash/240119.htm,无人博物馆逃脱,益智类,2024-03-30
https://www.4399.com//flash/240118.htm,救援甜甜圈大师,益智类,2024-03-30
https://www.4399.com//flash/240117.htm,疯狂的科学,益智类,2024-03-30
https://www.4399.com//flash/240116.htm,春季到来,益智类,2024-03-30
https://www.4399.com//flash/240115.htm,拯救雨房中的乔治,益智类,2024-03-30
https://www.4399.com//flash/240114.htm,分割怪物世界,敏捷篇,2024-03-30
https://www.4399.com//flash/240113.htm,堆叠冰块,敏捷篇,2024-03-30
https://www.4399.com//flash/239900.htm,无双西游,策略类,2024-03-29
https://www.4399.com//flash/240112.htm,逃离简易房屋169,益智类,2024-03-29
https://www.4399.com//flash/240111.htm,林中拯救大叔,益智类,2024-03-29
https://www.4399.com//flash/240109.htm,银河帝国,策略类,2024-03-29
https://www.4399.com//flash/240108.htm,孤岛庄园,休闲类,2024-03-29
https://www.4399.com//flash/240107.htm,救出小狼,益智类,2024-03-29
https://www.4399.com//flash/240106.htm,救出愤怒的鸟儿,益智类,2024-03-29
https://www.4399.com//flash/240105.htm,寻找金莲,益智类,2024-03-29
https://www.4399.com//flash/240104.htm,心塞的小黄鸭,敏捷篇,2024-03-29
https://www.4399.com//flash/240103.htm,秋千挑战,敏捷篇,2024-03-29
https://www.4399.com//flash/240102.htm,最终生存战,射击类,2024-03-29
https://www.4399.com//flash/240098.htm,救援受困的恐龙,益智类,2024-03-29
https://www.4399.com//flash/240097.htm,狼人大逃脱,益智类,2024-03-29
https://www.4399.com//flash/240096.htm,寻找躲藏的老鼠,益智类,2024-03-29
https://www.4399.com//flash/240095.htm,救援连帽衫女孩,益智类,2024-03-29
https://www.4399.com//flash/240094.htm,小怪物探险3H5,冒险类,2024-03-29
https://www.4399.com//flash/240093.htm,堆积的垃圾,益智类,2024-03-28
https://www.4399.com//flash/240092.htm,人鱼寻爱人,益智类,2024-03-28
https://www.4399.com//flash/240091.htm,色彩球祖玛,益智类,2024-03-28
https://www.4399.com//flash/240090.htm,救援困住的猫头鹰,益智类,2024-03-28
https://www.4399.com//flash/240089.htm,逃离简易房屋167,益智类,2024-03-28
https://www.4399.com//flash/240088.htm,艺术品窃贼,益智类,2024-03-28
https://www.4399.com//flash/240086.htm,凯撒宫殿,益智类,2024-03-28
https://www.4399.com//flash/240085.htm,可爱的小猴子救援,益智类,2024-03-28
https://www.4399.com//flash/240084.htm,寻丢失的车钥匙,益智类,2024-03-28
https://www.4399.com//flash/240083.htm,走夜路的女孩,冒险类,2024-03-28
https://www.4399.com/https://y.4399.com/detail/100?from=1,射雕云游戏,云游戏,2024-03-28
https://www.4399.com//flash/240082.htm,帅气男孩雪地逃脱,益智类,2024-03-28
https://www.4399.com//flash/240081.htm,救援土拨鼠,益智类,2024-03-28
https://www.4399.com//flash/240080.htm,拯救笼中老鼠,益智类,2024-03-28
https://www.4399.com//flash/239044.htm,守护传送口,策略类,2024-03-28
https://www.4399.com//flash/239039.htm,高速路巴士狂飙,体育类,2024-03-28
https://www.4399.com//flash/240010.htm,诛天剑侠,策略类,2024-03-27
https://www.4399.com//flash/240079.htm,拯救章鱼,益智类,2024-03-27
https://www.4399.com//flash/240078.htm,逃出噩梦的女孩,益智类,2024-03-27
https://www.4399.com//flash/240077.htm,夏日冰饮记忆卡,益智类,2024-03-27
https://www.4399.com//flash/240076.htm,救援机械狗,益智类,2024-03-27
https://www.4399.com//flash/240075.htm,救援中毒的母亲,益智类,2024-03-27
https://www.4399.com//flash/239030.htm,终极忍者之战,敏捷篇,2024-03-27
https://www.4399.com//flash/239033.htm,逃离像素之地,敏捷篇,2024-03-27
https://www.4399.com//flash/240073.htm,燃烧卡路里,敏捷篇,2024-03-27
https://www.4399.com//flash/240071.htm,救出贪婪的猫,益智类,2024-03-27
https://www.4399.com//flash/240070.htm,泰山女孩逃脱,益智类,2024-03-27
https://www.4399.com//flash/240069.htm,逃离破损的树屋,益智类,2024-03-27
https://www.4399.com//flash/240067.htm,逗小猴开心系列856,益智类,2024-03-27
https://www.4399.com//flash/240066.htm,深海的发现,益智类,2024-03-27
https://www.4399.com//flash/240065.htm,救援名人,益智类,2024-03-27
https://www.4399.com//flash/240064.htm,逃离简易房屋166,益智类,2024-03-27
https://www.4399.com//flash/240063.htm,最后一次下注,益智类,2024-03-27
https://www.4399.com//flash/240062.htm,可怜的流浪者,益智类,2024-03-27
https://www.4399.com//flash/240061.htm,驾车挑战,敏捷篇,2024-03-27
https://www.4399.com//flash/240060.htm,牛顿与苹果,益智类,2024-03-26
https://www.4399.com//flash/240059.htm,寻找丢失的小熊,益智类,2024-03-26
https://www.4399.com//flash/240058.htm,逃离简易房屋168,益智类,2024-03-26
https://www.4399.com//flash/240057.htm,消灭字母飞弹,敏捷篇,2024-03-26
https://www.4399.com//flash/240056.htm,艰难的僵尸射手,射击类,2024-03-26
https://www.4399.com//flash/240055.htm,在太空中吃东西,敏捷篇,2024-03-26
https://www.4399.com//flash/240054.htm,球球往下掉,益智类,2024-03-26
https://www.4399.com//flash/239003.htm,恐龙化石挖掘,休闲类,2024-03-26
https://www.4399.com//flash/239009.htm,坠落之塔,敏捷篇,2024-03-26
https://www.4399.com//flash/240052.htm,帮忙打捞鱼竿,益智类,2024-03-26
https://www.4399.com//flash/240051.htm,方块快速挑战,敏捷篇,2024-03-26
https://www.4399.com//flash/240050.htm,帮狗寻出口,益智类,2024-03-26
https://www.4399.com//flash/240049.htm,帮花朵寻路,益智类,2024-03-26
https://www.4399.com//flash/240046.htm,拯救仓鼠,益智类,2024-03-26
https://www.4399.com//flash/240045.htm,救援饥饿的宠物,益智类,2024-03-26
https://www.4399.com//flash/240044.htm,营救悲伤的老虎,益智类,2024-03-26
https://www.4399.com//flash/240042.htm,逗小猴开心系列855,益智类,2024-03-25
https://www.4399.com//flash/240041.htm,快速引爆,益智类,2024-03-25
https://www.4399.com//flash/240040.htm,下班以后,益智类,2024-03-25
https://www.4399.com//flash/240344.htm,小怪跳跃,敏捷篇,2024-04-13
https://www.4399.com//flash/240343.htm,救援贝灵顿梗犬,益智类,2024-04-13
https://www.4399.com//flash/240342.htm,逃出神秘洞口,益智类,2024-04-13
https://www.4399.com//flash/240341.htm,拯救微笑的猴子,益智类,2024-04-13
https://www.4399.com//flash/240308.htm,城主天下,策略类,2024-04-12
https://www.4399.com//flash/240282.htm,幻想圣域,策略类,2024-04-12
https://www.4399.com//flash/240340.htm,救援愚蠢的兔子,益智类,2024-04-12
https://www.4399.com//flash/240339.htm,飞鸟挑战,敏捷篇,2024-04-12
https://www.4399.com//flash/240338.htm,豆豆推箱子14,益智类,2024-04-12
https://www.4399.com//flash/240337.htm,阴影的狂欢,益智类,2024-04-12
https://www.4399.com//flash/240336.htm,营救幼崽,益智类,2024-04-12
https://www.4399.com//flash/240333.htm,莲花村庄,益智类,2024-04-12
https://www.4399.com//flash/240332.htm,校园探险,益智类,2024-04-12
https://www.4399.com//flash/240330.htm,轻松落球,敏捷篇,2024-04-12
https://www.4399.com//flash/240329.htm,彩球消除填色,益智类,2024-04-12
https://www.4399.com//flash/240328.htm,逃出船室,益智类,2024-04-12
https://www.4399.com//flash/239595.htm,建造僵尸岛,休闲类,2024-04-12
https://www.4399.com//flash/239620.htm,竞技场大对决,射击类,2024-04-12
https://www.4399.com//flash/240327.htm,逃离西班牙岛屿,益智类,2024-04-12
https://www.4399.com//flash/240039.htm,救援口渴的女孩,益智类,2024-03-25
https://www.4399.com//flash/240038.htm,救援魔王的女友,益智类,2024-03-25
https://www.4399.com//flash/240037.htm,寻找躲藏的伙伴,益智类,2024-03-25
https://www.4399.com//flash/240036.htm,天空城的秘密,益智类,2024-03-25
https://www.4399.com//flash/240035.htm,甜蜜的谜语,益智类,2024-03-25
https://www.4399.com//flash/240034.htm,紫猫头鹰救援,益智类,2024-03-25
https://www.4399.com//flash/238929.htm,巨人攻势,敏捷篇,2024-03-25
https://www.4399.com//flash/238989.htm,密道冲刺,敏捷篇,2024-03-25
https://www.4399.com//flash/240033.htm,蓝方块冒险,冒险类,2024-03-24
https://www.4399.com//flash/240032.htm,寻找魔法师,益智类,2024-03-24
https://www.4399.com//flash/240031.htm,寻找青蛙王冠,益智类,2024-03-24
https://www.4399.com//flash/240030.htm,拯救小火鸡,益智类,2024-03-24
https://www.4399.com//flash/240029.htm,骰子祖玛,休闲类,2024-03-24
https://www.4399.com//flash/238873.htm,极速前行,敏捷篇,2024-03-24
https://www.4399.com//flash/238894.htm,汽车坡道挑战赛,体育类,2024-03-24
https://www.4399.com//flash/240028.htm,救援字母兔子,益智类,2024-03-24
https://www.4399.com//flash/240027.htm,流浪狗救援,益智类,2024-03-24
https://www.4399.com//flash/240026.htm,救援古代猎人,益智类,2024-03-24
https://www.4399.com//flash/240025.htm,找回丢失的手机,益智类,2024-03-23
https://www.4399.com//flash/240024.htm,字母小怪,益智类,2024-03-23
https://www.4399.com//flash/240023.htm,拯救幽灵家族,益智类,2024-03-23
https://www.4399.com//flash/240022.htm,冒险寻丢失的羊,冒险类,2024-03-23
https://www.4399.com//flash/240021.htm,超级英雄枪战,射击类,2024-03-23
https://www.4399.com//flash/240020.htm,救援馅饼小怪,益智类,2024-03-23
https://www.4399.com//flash/240018.htm,逃离太阳之林,益智类,2024-03-23
https://www.4399.com//flash/240017.htm,暗夜地牢,冒险类,2024-03-23
https://www.4399.com//flash/240016.htm,寻找彩色粘土,益智类,2024-03-23
https://www.4399.com//flash/240015.htm,寻找多肉植物,益智类,2024-03-23
https://www.4399.com//flash/240326.htm,奶茶大冒险,冒险类,2024-04-12
https://www.4399.com//flash/240325.htm,寻找狡猾的狐狸,益智类,2024-04-12
https://www.4399.com//flash/240324.htm,制作舒芙蕾,休闲类,2024-04-12
https://www.4399.com//flash/240323.htm,逃离废弃的大庄园,益智类,2024-04-12
https://www.4399.com//flash/240322.htm,像素鸭大冒险,冒险类,2024-04-12
https://www.4399.com//flash/240321.htm,拯救被困的狗狗,益智类,2024-04-12
https://www.4399.com//flash/240320.htm,寻找孩童学步车,益智类,2024-04-12
https://www.4399.com//flash/240287.htm,战机大作战,策略类,2024-04-11
https://www.4399.com//flash/240317.htm,救援园林工人,益智类,2024-04-11
https://www.4399.com//flash/240316.htm,寻找隐形眼镜,益智类,2024-04-11
https://www.4399.com//flash/240314.htm,豆豆推箱子13,益智类,2024-04-11
https://www.4399.com//flash/240313.htm,复活节的由来,益智类,2024-04-11
https://www.4399.com//flash/240311.htm,救出饥饿的河马,益智类,2024-04-11
https://www.4399.com//flash/240310.htm,救援朵拉的朋友,益智类,2024-04-11
https://www.4399.com//flash/240309.htm,神奇的水井,益智类,2024-04-11
https://www.4399.com///www.4399.com/flash/240331.htm,4399混沌战域,动作类,2024-04-11
https://www.4399.com//flash/240307.htm,机器人快逃脱,益智类,2024-04-11
https://www.4399.com//flash/240306.htm,今日值班,益智类,2024-04-11
https://www.4399.com//flash/240305.htm,救援爱尔兰男孩4,益智类,2024-04-11
https://www.4399.com//flash/240304.htm,吃金币的小猪,敏捷篇,2024-04-11
https://www.4399.com//flash/240302.htm,救援艾洛伊丝,益智类,2024-04-11
https://www.4399.com//flash/240303.htm,小猪寻伴侣,益智类,2024-04-11
https://www.4399.com//flash/239575.htm,超级矿工大亨,模拟经营,2024-04-11
https://www.4399.com//flash/239560.htm,机器人的入侵,敏捷篇,2024-04-11
https://www.4399.com//flash/240301.htm,名人的生日派对,益智类,2024-04-11
https://www.4399.com//flash/240299.htm,几何图形叠叠乐,益智类,2024-04-11
https://www.4399.com//flash/240298.htm,救出迷人的兔子,益智类,2024-04-11
https://www.4399.com//flash/240014.htm,皇家诅咒,益智类,2024-03-23
https://www.4399.com//flash/240013.htm,救援麻木的叔叔,益智类,2024-03-23
https://www.4399.com//flash/240012.htm,救援无畏的男孩,益智类,2024-03-23
https://www.4399.com//flash/240009.htm,奇妙海洋世界,益智类,2024-03-23
https://www.4399.com//flash/240008.htm,周末公园,益智类,2024-03-23
https://www.4399.com//flash/240005.htm,快速过马路,敏捷篇,2024-03-22
https://www.4399.com//flash/240004.htm,拯救斑点狗,益智类,2024-03-22
https://www.4399.com//flash/240003.htm,被诅咒的公主逃脱,益智类,2024-03-22
https://www.4399.com//flash/240002.htm,逃离小人国幻境,益智类,2024-03-22
https://www.4399.com//flash/240001.htm,救援麻雀一家,益智类,2024-03-22
https://www.4399.com//flash/240000.htm,最后一片绿洲,冒险类,2024-03-22
https://www.4399.com//flash/239999.htm,军队对抗战,策略类,2024-03-22
https://www.4399.com//flash/239998.htm,执行星际任务,益智类,2024-03-22
https://www.4399.com//flash/239997.htm,救援没胃口的鸟,益智类,2024-03-22
https://www.4399.com//flash/239996.htm,越野车攀登,体育类,2024-03-22
https://www.4399.com//flash/239995.htm,救援顽皮的海马,益智类,2024-03-22
https://www.4399.com//flash/239994.htm,珠宝系列,益智类,2024-03-22
https://www.4399.com//flash/239993.htm,凌乱的工作室,益智类,2024-03-22
https://www.4399.com//flash/239992.htm,释放肌肉男,益智类,2024-03-22
https://www.4399.com//flash/239991.htm,寻找刻度时钟,益智类,2024-03-22
https://www.4399.com//flash/239988.htm,彩球挑战,敏捷篇,2024-03-22
https://www.4399.com//flash/240007.htm,水下鱼逃脱,益智类,2024-03-22
https://www.4399.com//flash/239987.htm,老虎丛林逃脱,益智类,2024-03-22
https://www.4399.com//flash/239986.htm,昏暗儿童房逃生180,益智类,2024-03-22
https://www.4399.com//flash/240006.htm,跳蛙过马路,益智类,2024-03-22
https://www.4399.com//flash/239945.htm,仙灵正传,策略类,2024-03-21
https://www.4399.com//flash/239985.htm,心情表情对对碰,益智类,2024-03-21
https://www.4399.com//flash/240297.htm,逃离自行车赛场,益智类,2024-04-11
https://www.4399.com//flash/240295.htm,逗小猴开心系列860,益智类,2024-04-11
https://www.4399.com//flash/240294.htm,叶罗丽精灵世界,装扮类,2024-04-10
https://www.4399.com//flash/240293.htm,遗忘帝国,益智类,2024-04-10
https://www.4399.com///news.4399.com/xingzhiyi/,星之翼,动作类,2024-04-10
https://www.4399.com//flash/240292.htm,逃离兔子花园,益智类,2024-04-10
https://www.4399.com//flash/240291.htm,救援可爱的斑马雀,益智类,2024-04-10
https://www.4399.com//flash/240290.htm,复活节准备工作,益智类,2024-04-10
https://www.4399.com//flash/240289.htm,神机妙算,益智类,2024-04-10
https://www.4399.com//flash/240285.htm,贪吃蛇森林大作战,冒险类,2024-04-10
https://www.4399.com//flash/240284.htm,彩色圆点连接,益智类,2024-04-10
https://www.4399.com//flash/240283.htm,饼干人大闯关,冒险类,2024-04-10
https://www.4399.com//flash/239484.htm,极限漂移赛,体育类,2024-04-10
https://www.4399.com//flash/239473.htm,钞票奔跑者,敏捷篇,2024-04-10
https://www.4399.com//flash/240281.htm,井字棋大对决,棋牌类,2024-04-10
https://www.4399.com//flash/240280.htm,救援可爱的熊猫,益智类,2024-04-10
https://www.4399.com//flash/240279.htm,逃离简易房屋171,益智类,2024-04-10
https://www.4399.com//flash/240278.htm,不要落水,敏捷篇,2024-04-10
https://www.4399.com//flash/240277.htm,逃离无人音乐室,益智类,2024-04-10
https://www.4399.com//flash/240276.htm,老爹鸡翅店H5,模拟经营,2024-04-10
https://www.4399.com//flash/240275.htm,兔子逃出铁笼,益智类,2024-04-10
https://www.4399.com//flash/240274.htm,救援多情的熊,益智类,2024-04-10
https://www.4399.com//flash/240273.htm,动物记忆块,益智类,2024-04-09
https://www.4399.com//flash/240272.htm,逃出学生宿舍,益智类,2024-04-09
https://www.4399.com//flash/240271.htm,逗小猴开心系列859,益智类,2024-04-09
https://www.4399.com//flash/240270.htm,金字形符文,益智类,2024-04-09
https://www.4399.com//flash/239919.htm,萌新出击,策略类,2024-03-21
https://www.4399.com//flash/239984.htm,看手指猜数字,儿童类,2024-03-21
https://www.4399.com//flash/239983.htm,铅笔飞水果,敏捷篇,2024-03-21
https://www.4399.com//flash/239982.htm,逃离大鹿平原,益智类,2024-03-21
https://www.4399.com//flash/239981.htm,疯狂猜动漫4,休闲类,2024-03-21
https://www.4399.com//flash/239980.htm,救援铲子战士,益智类,2024-03-21
https://www.4399.com//flash/239979.htm,最终命令,益智类,2024-03-21
https://www.4399.com//flash/239978.htm,勇者之塔3,益智类,2024-03-21
https://www.4399.com//flash/239977.htm,填满彩色积木,益智类,2024-03-21
https://www.4399.com//flash/239975.htm,太空防御线,射击类,2024-03-21
https://www.4399.com//flash/239974.htm,解救小象,益智类,2024-03-21
https://www.4399.com//flash/239973.htm,射击像素南瓜,射击类,2024-03-21
https://www.4399.com//flash/239972.htm,救出蜜蜂宝宝,益智类,2024-03-21
https://www.4399.com//flash/239971.htm,豆豆推箱子10,益智类,2024-03-21
https://www.4399.com//flash/239970.htm,数学题条件反射,益智类,2024-03-21
https://www.4399.com//flash/239969.htm,适当的温度,益智类,2024-03-21
https://www.4399.com//flash/239968.htm,狼的时刻,冒险类,2024-03-21
https://www.4399.com//flash/239967.htm,逃离简易房屋164,益智类,2024-03-21
https://www.4399.com//flash/239966.htm,找出异色三角形,敏捷篇,2024-03-21
https://www.4399.com///news.4399.com/mingchao/,鸣潮,动作类,2024-03-21
https://www.4399.com//flash/238871.htm,魔化之门2,策略类,2024-03-21
https://www.4399.com//flash/238850.htm,冰淇淋球滚滚滚,敏捷篇,2024-03-21
https://www.4399.com//flash/239965.htm,救援厨师蕾切尔,益智类,2024-03-20
https://www.4399.com//flash/239962.htm,星际探险家,益智类,2024-03-20
https://www.4399.com//flash/239961.htm,马拉喀什的宝藏,益智类,2024-03-20
https://www.4399.com//flash/238794.htm,冰球联赛,体育类,2024-03-20
https://www.4399.com//flash/240269.htm,冰娃火娃之双人迷宫3,益智类,2024-04-09
https://www.4399.com//flash/240267.htm,解救鹦鹉,益智类,2024-04-09
https://www.4399.com//flash/240266.htm,救出小浣熊,益智类,2024-04-09
https://www.4399.com//flash/240265.htm,智慧的世界,益智类,2024-04-09
https://www.4399.com//flash/240262.htm,夏日的快乐,益智类,2024-04-09
https://www.4399.com//flash/240260.htm,寻找天鹅女孩,益智类,2024-04-09
https://www.4399.com//flash/240259.htm,3D五子棋,益智类,2024-04-09
https://www.4399.com//flash/240258.htm,男孩逃回家中,益智类,2024-04-09
https://www.4399.com//flash/240257.htm,愤怒骷髅,益智类,2024-04-09
https://www.4399.com//flash/240256.htm,拯救可爱火鸡,益智类,2024-04-09
https://www.4399.com//flash/240255.htm,逃离美食之地,益智类,2024-04-09
https://www.4399.com//flash/240254.htm,冰娃火娃之像素世界冒险2,冒险类,2024-04-09
https://www.4399.com//flash/240253.htm,小姐姐塔防,策略类,2024-04-09
https://www.4399.com//flash/240252.htm,三国大乱斗,策略类,2024-04-09
https://www.4399.com//flash/239472.htm,方块障碍挑战,敏捷篇,2024-04-09
https://www.4399.com//flash/240251.htm,小山羊快逃脱,益智类,2024-04-09
https://www.4399.com//flash/240209.htm,猎人前线,策略类,2024-04-08
https://www.4399.com//flash/239446.htm,超萌水果,益智类,2024-04-08
https://www.4399.com//flash/239461.htm,香蕉神枪手,射击类,2024-04-08
https://www.4399.com//flash/240250.htm,救出愤怒的女战士,益智类,2024-04-08
https://www.4399.com//flash/240249.htm,逃离土耳其船舶,益智类,2024-04-08
https://www.4399.com//flash/240248.htm,完美的奶油,敏捷篇,2024-04-08
https://www.4399.com//flash/240247.htm,帮孩子们逃离僵尸,益智类,2024-04-08
https://www.4399.com//flash/240246.htm,咖啡制作,敏捷篇,2024-04-08
https://www.4399.com//flash/240245.htm,迷你对决,敏捷篇,2024-04-08
https://www.4399.com//flash/238793.htm,火柴战士激斗,射击类,2024-03-20
https://www.4399.com//flash/239960.htm,掉坑小鹿逃脱,益智类,2024-03-20
https://www.4399.com//flash/239959.htm,被诅咒的双鹿逃跑,益智类,2024-03-20
https://www.4399.com//flash/239958.htm,救援理发师罗里,益智类,2024-03-20
https://www.4399.com//flash/239957.htm,救援小鸡情侣,益智类,2024-03-20
https://www.4399.com//flash/239956.htm,旋转弓箭,射击类,2024-03-20
https://www.4399.com//flash/239954.htm,破屋改造计划,休闲类,2024-03-20
https://www.4399.com//flash/239952.htm,可爱的鹤鸟逃脱,益智类,2024-03-20
https://www.4399.com//flash/239951.htm,废料机器人,敏捷篇,2024-03-20
https://www.4399.com//flash/239950.htm,喷射水枪,射击类,2024-03-20
https://www.4399.com//flash/239947.htm,逃离猎人村庄,益智类,2024-03-20
https://www.4399.com//flash/239946.htm,营救约翰哥哥,益智类,2024-03-20
https://www.4399.com//flash/239944.htm,昏暗儿童房逃生179,益智类,2024-03-20
https://www.4399.com//flash/239943.htm,逃离日常房屋,益智类,2024-03-20
https://www.4399.com//flash/239942.htm,穿越王国,益智类,2024-03-19
https://www.4399.com//flash/239941.htm,电缆线连接,益智类,2024-03-19
https://www.4399.com//flash/239940.htm,沿着海岸,益智类,2024-03-19
https://www.4399.com//flash/239939.htm,救援无辜的孔雀,益智类,2024-03-19
https://www.4399.com//flash/239938.htm,救援小女王,益智类,2024-03-19
https://www.4399.com//flash/239937.htm,被困小狗逃脱,益智类,2024-03-19
https://www.4399.com//flash/239936.htm,功夫传奇,动作类,2024-03-19
https://www.4399.com//flash/239935.htm,收集喜欢的水果,益智类,2024-03-19
https://www.4399.com//flash/239933.htm,新鲜与美味,益智类,2024-03-19
https://www.4399.com//flash/239932.htm,逗小猴开心系列854,益智类,2024-03-19
https://www.4399.com//flash/238876.htm,圣殿熊熊大冒险,冒险类,2024-03-19
https://www.4399.com//flash/238761.htm,太空船跑酷,敏捷篇,2024-03-19
https://www.4399.com//flash/238781.htm,飞人挑战,敏捷篇,2024-03-19
https://www.4399.com//flash/240244.htm,拯救火鸡朋友,益智类,2024-04-08
https://www.4399.com//flash/240243.htm,逃离暴风雪中心,益智类,2024-04-08
https://www.4399.com//flash/240242.htm,神仙养成计划,休闲类,2024-04-08
https://www.4399.com//flash/240241.htm,逃离镇上披萨店,益智类,2024-04-08
https://www.4399.com//flash/240239.htm,豆豆推箱子12,益智类,2024-04-08
https://www.4399.com//flash/240237.htm,命悬一排冰,敏捷篇,2024-04-08
https://www.4399.com//flash/240236.htm,农家庭院,益智类,2024-04-08
https://www.4399.com//flash/240235.htm,救援大雕鸮,益智类,2024-04-07
https://www.4399.com//flash/240234.htm,逃离雪糕店,益智类,2024-04-07
https://www.4399.com//flash/240233.htm,救援双晶精灵,益智类,2024-04-07
https://www.4399.com//flash/240232.htm,方块空岛枪战,射击类,2024-04-07
https://www.4399.com//flash/240231.htm,妖精的冲突,策略类,2024-04-07
https://www.4399.com//flash/240230.htm,庄园窃贼,益智类,2024-04-07
https://www.4399.com//flash/240228.htm,海猫救助,益智类,2024-04-07
https://www.4399.com//flash/240227.htm,家族世仇,益智类,2024-04-07
https://www.4399.com//flash/240226.htm,拯救被蛇困住的人,益智类,2024-04-07
https://www.4399.com///www.4399.com/flash/240225.htm,4399上古战歌,动作类,2024-04-07
https://www.4399.com//flash/239434.htm,小酷球大冒险,冒险类,2024-04-07
https://www.4399.com//flash/239447.htm,趣味对决,敏捷篇,2024-04-07
https://www.4399.com//flash/240224.htm,寻找披萨玩具,益智类,2024-04-06
https://www.4399.com//flash/240223.htm,水滴下落,敏捷篇,2024-04-06
https://www.4399.com//flash/240222.htm,拯救蝴蝶仙子,益智类,2024-04-06
https://www.4399.com//flash/240221.htm,逃离猫咪迷宫,益智类,2024-04-06
https://www.4399.com//flash/240220.htm,微笑熊猫大逃脱,益智类,2024-04-06
https://www.4399.com//flash/240219.htm,逃离简易房屋170,益智类,2024-04-06
https://www.4399.com//flash/240218.htm,昏暗儿童房逃生185,益智类,2024-04-06
https://www.4399.com//flash/240217.htm,忍者找宝藏,射击类,2024-04-06
https://www.4399.com//flash/239930.htm,逃离简易房屋165,益智类,2024-03-19
https://www.4399.com//flash/239929.htm,帮寻热气球,益智类,2024-03-19
https://www.4399.com//flash/239928.htm,少年泰坦夺魔法书,冒险类,2024-03-19
https://www.4399.com//flash/239926.htm,救出公鸡,益智类,2024-03-19
https://www.4399.com//flash/240216.htm,豆豆推箱子11,益智类,2024-04-06
https://www.4399.com//flash/240215.htm,美丽的花店,益智类,2024-04-06
https://www.4399.com//flash/240214.htm,救援投掷,益智类,2024-04-06
https://www.4399.com//flash/240213.htm,救援印度菜厨师,益智类,2024-04-06
https://www.4399.com//flash/240212.htm,救援大角羚羊,益智类,2024-04-06
https://www.4399.com//flash/240211.htm,复活节童话,益智类,2024-04-06
https://www.4399.com//flash/240210.htm,探索丛林秘密,益智类,2024-04-06
https://www.4399.com//flash/239395.htm,机器人逃离回收站,益智类,2024-04-06
https://www.4399.com//flash/239399.htm,太空幸存者,射击类,2024-04-06
https://www.4399.com//flash/240208.htm,农场运动赛,益智类,2024-04-05
https://www.4399.com//flash/240207.htm,寻找酷鹰,益智类,2024-04-05
https://www.4399.com//flash/240206.htm,乡村牛仔逃脱,益智类,2024-04-05
https://www.4399.com//flash/240205.htm,逃出美好的校园,益智类,2024-04-05
https://www.4399.com//flash/239360.htm,解环大师,益智类,2024-04-05
https://www.4399.com//flash/239369.htm,隧道潜入员,敏捷篇,2024-04-05
https://www.4399.com//flash/240204.htm,困在部落的夫妇,益智类,2024-04-05
https://www.4399.com//flash/240203.htm,两只老鼠逃脱,益智类,2024-04-05
https://www.4399.com//flash/240202.htm,高空搭桥,敏捷篇,2024-04-05
https://www.4399.com//flash/240201.htm,营救有危险的女孩,益智类,2024-04-05
https://www.4399.com//flash/240200.htm,失控的宇宙飞船,敏捷篇,2024-04-05
https://www.4399.com//flash/239307.htm,极限翻转大师,敏捷篇,2024-04-04
https://www.4399.com//flash/239332.htm,画线救鸡蛋,益智类,2024-04-04
https://www.4399.com//flash/240199.htm,阿猫与阿狗,益智类,2024-04-04
https://www.4399.com//flash/240198.htm,救出女警察,益智类,2024-04-04
https://www.4399.com//flash/240197.htm,逃离禅宗花园,益智类,2024-04-04
https://www.4399.com//flash/210650.htm,,,
https://www.4399.com//flash/240294.htm,,,
https://www.4399.com//flash/238876.htm,,,
https://www.4399.com//flash/240156.htm,,,
https://www.4399.com//flash/239936.htm,,,
https://www.4399.com//flash/239835.htm,,,
https://www.4399.com//flash/239356.htm,,,
https://www.4399.com//flash/239192.htm,,,
https://www.4399.com//flash/239115.htm,,,
https://www.4399.com//flash/239126.htm,,,
https://www.4399.com//flash/238988.htm,,,
https://www.4399.com//flash/238914.htm,,,
https://www.4399.com//flash/240048.htm,拳击擂台,体育类,2024-04-23
https://www.4399.com//flash/240053.htm,橡胶炮手,射击类,2024-04-23
https://www.4399.com//flash/240547.htm,沉睡塔防御,策略类,2024-04-22
https://www.4399.com//flash/240546.htm,超级潜水器,敏捷篇,2024-04-22
https://www.4399.com//flash/240545.htm,海王星号,敏捷篇,2024-04-22
https://www.4399.com//flash/240544.htm,莫比乌斯空间部队,射击类,2024-04-22
https://www.4399.com//flash/240543.htm,方块与三角形,敏捷篇,2024-04-22
https://www.4399.com//flash/240555.htm,引鸟集金币,益智类,2024-04-22
https://www.4399.com//flash/240196.htm,救助小蜜蜂,益智类,2024-04-04
https://www.4399.com//flash/240195.htm,冒险者的旅途,冒险类,2024-04-04
https://www.4399.com//flash/240194.htm,寻找牛仔女孩地图,益智类,2024-04-04
https://www.4399.com//flash/240193.htm,逗小猴开心系列858,益智类,2024-04-04
https://www.4399.com//flash/240192.htm,守护水果,策略类,2024-04-04
https://www.4399.com//flash/240191.htm,月光下的树林,益智类,2024-04-04
https://www.4399.com//flash/240190.htm,乡村熊救援,益智类,2024-04-03
https://www.4399.com//flash/240189.htm,逃离艰难的旅途,益智类,2024-04-03
https://www.4399.com//flash/240188.htm,寻找奢华的罐子,益智类,2024-04-03
https://www.4399.com//flash/240187.htm,地下的世界,冒险类,2024-04-03
https://www.4399.com//flash/240186.htm,建造梦想农场,模拟经营,2024-04-03
https://www.4399.com//flash/240185.htm,救援森林兔子,益智类,2024-04-03
https://www.4399.com//flash/240184.htm,先知的秘密,益智类,2024-04-03
https://www.4399.com//flash/239964.htm,拉罐人特工,射击类,2024-04-03
https://www.4399.com//flash/240183.htm,努力探索,益智类,2024-04-03
https://www.4399.com//flash/240182.htm,神奇的魔盒,益智类,2024-04-03
https://www.4399.com//flash/240180.htm,精彩的逃亡,益智类,2024-04-03
https://www.4399.com//flash/240179.htm,救援舞蹈机器人,益智类,2024-04-03
https://www.4399.com//flash/240178.htm,冰火球大冒险,冒险类,2024-04-03
https://www.4399.com//flash/240177.htm,笼中狒狒救援,益智类,2024-04-03
https://www.4399.com//flash/240175.htm,拯救笼中青蛙,益智类,2024-04-03
https://www.4399.com//flash/240174.htm,胡萝卜蛋糕制作,休闲类,2024-04-03
https://www.4399.com//flash/240173.htm,救出爱笑的男子,益智类,2024-04-03
https://www.4399.com//flash/240172.htm,救援欧椋鸟,益智类,2024-04-03
https://www.4399.com//flash/240171.htm,逗小猴开心系列857,益智类,2024-04-03
https://www.4399.com//flash/240170.htm,露营乐趣,益智类,2024-04-03
https://www.4399.com//flash/240169.htm,寻找西瓜种植户,益智类,2024-04-02
https://www.4399.com//flash/240167.htm,拯救蝴蝶女孩,益智类,2024-04-02
https://www.4399.com//flash/240554.htm,美容精品店,益智类,2024-04-22
https://www.4399.com//flash/240553.htm,帮助汽车驾驶员,益智类,2024-04-22
https://www.4399.com//flash/240552.htm,寻找蜗牛托尼,益智类,2024-04-22
https://www.4399.com//flash/240542.htm,逃离盛大复活节派对,益智类,2024-04-22
https://www.4399.com//flash/240541.htm,救援魔术师胡迪尼,益智类,2024-04-22
https://www.4399.com//flash/240551.htm,逃离飞弹丛林,益智类,2024-04-22
https://www.4399.com//flash/240540.htm,神奇的地方,益智类,2024-04-22
https://www.4399.com//flash/240539.htm,海上城镇,益智类,2024-04-22
https://www.4399.com//flash/240550.htm,救援丛林蛙,益智类,2024-04-22
https://www.4399.com//flash/240166.htm,困在泳池的男子,益智类,2024-04-02
https://www.4399.com//flash/240164.htm,俄罗斯方块被打砖,敏捷篇,2024-04-02
https://www.4399.com//flash/240163.htm,逃离爱丽丝糖果乐园,益智类,2024-04-02
https://www.4399.com//flash/240162.htm,复活节捉迷藏,益智类,2024-04-02
https://www.4399.com//flash/240161.htm,金黄色的蛋,益智类,2024-04-02
https://www.4399.com//flash/240160.htm,帮助饥饿的鱼,益智类,2024-04-02
https://www.4399.com//flash/240158.htm,拯救母鸡的孩子,益智类,2024-04-02
https://www.4399.com//flash/240156.htm,双人决斗,动作类,2024-04-02
https://www.4399.com//flash/239219.htm,拯救懒惰的鱼,益智类,2024-04-02
https://www.4399.com//flash/239299.htm,神勇消防员,冒险类,2024-04-02
https://www.4399.com//flash/240155.htm,飞镖俱乐部,射击类,2024-04-02
https://www.4399.com//flash/240154.htm,快速计算选择题,益智类,2024-04-02
https://www.4399.com//flash/240153.htm,通通下降,敏捷篇,2024-04-02
https://www.4399.com//flash/240152.htm,寻找艾弗里,益智类,2024-04-02
https://www.4399.com//flash/240151.htm,逃出化学室的女孩,益智类,2024-04-02
https://www.4399.com//flash/240150.htm,小鱼变大了,敏捷篇,2024-04-02
https://www.4399.com//flash/240149.htm,霓虹砖块,敏捷篇,2024-04-02
https://www.4399.com//flash/240148.htm,笼中小猫逃脱,益智类,2024-04-02
https://www.4399.com//flash/240146.htm,救援聪明的狒狒,益智类,2024-04-01
https://www.4399.com//flash/240145.htm,水母避难,敏捷篇,2024-04-01
https://www.4399.com//flash/240144.htm,困在笼里的浣熊,益智类,2024-04-01
https://www.4399.com//flash/240143.htm,飞刀青蛙,敏捷篇,2024-04-01
https://www.4399.com//flash/240141.htm,完全失忆,益智类,2024-04-01
https://www.4399.com//flash/240140.htm,逃离蜻蜓林,益智类,2024-04-01
https://www.4399.com//flash/240139.htm,小狗寻朋友,益智类,2024-04-01
https://www.4399.com//flash/240538.htm,高智商闯关,益智类,2024-04-22
https://www.4399.com//flash/240549.htm,闪耀的珍宝宫,益智类,2024-04-22
https://www.4399.com//flash/240548.htm,巫木低语,益智类,2024-04-22
https://www.4399.com//flash/240537.htm,兔子逃出房屋,益智类,2024-04-22
https://www.4399.com//flash/240019.htm,冰封怪物过障碍,敏捷篇,2024-04-22
https://www.4399.com//flash/239713.htm,车赛竞技乐园,体育类,2024-04-22
https://www.4399.com//flash/240536.htm,困在银行的老人,益智类,2024-04-22
https://www.4399.com//flash/240535.htm,阳光冲浪者,敏捷篇,2024-04-22
https://www.4399.com//flash/240533.htm,大方男孩逃脱,益智类,2024-04-22
https://www.4399.com//flash/240532.htm,爆笑来找茬,益智类,2024-04-22
https://www.4399.com//flash/240531.htm,晶体电荷,益智类,2024-04-21
https://www.4399.com//flash/240530.htm,模特的舞台装,装扮类,2024-04-21
https://www.4399.com//flash/240529.htm,救援方块世界,敏捷篇,2024-04-21
https://www.4399.com//flash/240528.htm,逃离恐龙公园,益智类,2024-04-21
https://www.4399.com//flash/240527.htm,流行音乐家的宝贝,休闲类,2024-04-21
https://www.4399.com//flash/240526.htm,救援乡村鸵鸟,益智类,2024-04-21
https://www.4399.com//flash/240525.htm,豆豆推箱子16,益智类,2024-04-21
https://www.4399.com//flash/240524.htm,拼接外卖之路,益智类,2024-04-21
https://www.4399.com//flash/240522.htm,寻复活节兔子鲍勃,益智类,2024-04-21
https://www.4399.com//flash/240521.htm,丛林生存,益智类,2024-04-21
https://www.4399.com//flash/240520.htm,小鹅大富翁,棋牌类,2024-04-21
https://www.4399.com//flash/240519.htm,寻找失踪的彩蛋,益智类,2024-04-21
https://www.4399.com//flash/240518.htm,水果浮动连接,益智类,2024-04-21
https://www.4399.com//flash/240516.htm,救援垂耳兔,益智类,2024-04-21
https://www.4399.com//flash/240514.htm,解救迷人的女子,益智类,2024-04-21
https://www.4399.com//flash/240138.htm,朋克情侣逃脱,益智类,2024-04-01
https://www.4399.com//flash/240137.htm,寻找阿拉丁神灯,益智类,2024-04-01
https://www.4399.com//flash/240136.htm,火车探险,益智类,2024-04-01
https://www.4399.com//flash/239125.htm,超级水果武士,益智类,2024-04-01
https://www.4399.com//flash/239146.htm,疯狂采矿,休闲类,2024-04-01
https://www.4399.com//flash/240513.htm,迷幻巴黎之谜,益智类,2024-04-21
https://www.4399.com//flash/240512.htm,踪迹与秘密,益智类,2024-04-21
https://www.4399.com//flash/240511.htm,汽车修理店,模拟经营,2024-04-21
https://www.4399.com//flash/240510.htm,主题公园女孩逃脱,益智类,2024-04-21
https://www.4399.com//flash/240509.htm,狗狗爱冒险2,冒险类,2024-04-21
https://www.4399.com//flash/240508.htm,救援大金雀,益智类,2024-04-21
https://www.4399.com//flash/240011.htm,飞机飞行员,体育类,2024-04-21
https://www.4399.com//flash/239976.htm,围堵小偷,益智类,2024-04-21
https://www.4399.com//flash/240507.htm,逃出恶龙城堡,敏捷篇,2024-04-20
https://www.4399.com//flash/240506.htm,救援热恋的情侣,益智类,2024-04-20
https://www.4399.com//flash/240505.htm,玻璃房屋逃脱,益智类,2024-04-20
https://www.4399.com//flash/240503.htm,复活雕像,益智类,2024-04-20
https://www.4399.com//flash/240502.htm,海战飞鱼,射击类,2024-04-20
https://www.4399.com//flash/240504.htm,画线大聪明,益智类,2024-04-20
https://www.4399.com//flash/240501.htm,寻找凉木瓜,益智类,2024-04-20
https://www.4399.com//flash/240500.htm,昏暗儿童房逃生187,益智类,2024-04-20
https://www.4399.com//flash/240499.htm,拯救毛毛虫,益智类,2024-04-20
https://www.4399.com//flash/240498.htm,水下世界寻宝藏,益智类,2024-04-20
https://www.4399.com//flash/240496.htm,有趣的兔子蛋逃脱,益智类,2024-04-20
https://www.4399.com//flash/240494.htm,恐龙填色书,益智类,2024-04-20
https://www.4399.com//flash/239934.htm,超级飞刀大师,敏捷篇,2024-04-20
https://www.4399.com//flash/239923.htm,孤独兔子大冒险,冒险类,2024-04-20
https://www.4399.com//flash/240493.htm,离奇的陆地逃脱,益智类,2024-04-20
https://www.4399.com//flash/240492.htm,神秘蝴蝶大逃脱,益智类,2024-04-20
https://www.4399.com//flash/240491.htm,堡垒里的钻石,冒险类,2024-04-20
https://www.4399.com//flash/240489.htm,万圣节隐藏物品,益智类,2024-04-20
https://www.4399.com//flash/240488.htm,最强钓鱼佬,休闲类,2024-04-20
https://www.4399.com//flash/240487.htm,快速组字母,敏捷篇,2024-04-20
https://www.4399.com//flash/240486.htm,圆球碎砖机,敏捷篇,2024-04-20
https://www.4399.com//flash/240485.htm,寻找玩偶,益智类,2024-04-20
https://www.4399.com//flash/240483.htm,动物集合拼图,益智类,2024-04-20
https://www.4399.com//flash/240482.htm,文字战争,策略类,2024-04-20
https://www.4399.com//flash/240481.htm,救援快乐的男子,益智类,2024-04-20
https://www.4399.com//flash/240458.htm,异界深渊：大灵王,策略类,2024-04-19
https://www.4399.com//flash/240480.htm,我爱吃萝卜,敏捷篇,2024-04-19
https://www.4399.com//flash/240479.htm,重力怪吃蔬果,益智类,2024-04-19
https://www.4399.com//flash/240478.htm,秘密庄园来找茬,益智类,2024-04-19
https://www.4399.com//flash/240477.htm,救援西班牙鸟,益智类,2024-04-19
https://www.4399.com//flash/240476.htm,雕像兔子逃脱,益智类,2024-04-19
https://www.4399.com//flash/240475.htm,救援凶猛的狼人,益智类,2024-04-19
https://www.4399.com//flash/240474.htm,狗仔队乐园,益智类,2024-04-19
https://www.4399.com//flash/240473.htm,昏暗儿童房逃生188,益智类,2024-04-19
https://www.4399.com//flash/240472.htm,完美的类型,益智类,2024-04-19
https://www.4399.com//flash/240471.htm,飞机和导弹,敏捷篇,2024-04-19
https://www.4399.com//flash/240470.htm,林中深处逃脱,益智类,2024-04-19
https://www.4399.com//flash/240469.htm,枯木怪逃脱,益智类,2024-04-19
https://www.4399.com//flash/240468.htm,植物大战僵尸之大挑战,敏捷篇,2024-04-19
https://www.4399.com//flash/240467.htm,寻找烤箱手套,益智类,2024-04-19
https://www.4399.com//flash/240462.htm,逃离简易房屋172,益智类,2024-04-19
https://www.4399.com//flash/240461.htm,救援冰火神,益智类,2024-04-19
https://www.4399.com//flash/240456.htm,逃离东部沙漠,益智类,2024-04-19
https://www.4399.com//flash/240454.htm,逃离春季花园,益智类,2024-04-19
https://www.4399.com//flash/240453.htm,复活节逃出森林,益智类,2024-04-19
https://www.4399.com//flash/240452.htm,救援校园女学生,益智类,2024-04-19
https://www.4399.com//flash/240451.htm,公主的个性口罩,装扮类,2024-04-19
https://www.4399.com//flash/240450.htm,弹跳捕鱼,敏捷篇,2024-04-19
https://www.4399.com//flash/240449.htm,女王的要求,益智类,2024-04-19
https://www.4399.com//flash/240447.htm,寻找昂贵的王冠,益智类,2024-04-19
https://www.4399.com//flash/240446.htm,逃离神秘水果园,益智类,2024-04-19
https://www.4399.com//flash/240445.htm,电影的最终场景,益智类,2024-04-19
https://www.4399.com//flash/240444.htm,最后一列火车,益智类,2024-04-19
https://www.4399.com//flash/240442.htm,寻找种玉米的农民,益智类,2024-04-19
https://www.4399.com//flash/240441.htm,十个小印第安人,益智类,2024-04-19
https://www.4399.com//flash/240466.htm,独臂逃生,冒险类,2024-04-18
https://www.4399.com//flash/240440.htm,飞刀快点儿,敏捷篇,2024-04-18
https://www.4399.com//flash/240439.htm,经典贪吃光影蛇,敏捷篇,2024-04-18
https://www.4399.com//flash/240438.htm,寻找我的首饰盒,益智类,2024-04-18
https://www.4399.com//flash/240437.htm,逃离简易房屋173,益智类,2024-04-18
https://www.4399.com//flash/239822.htm,拆迁卡车,敏捷篇,2024-04-18
https://www.4399.com//flash/239828.htm,愤怒的领主,敏捷篇,2024-04-18
https://www.4399.com//flash/240436.htm,拯救井中女孩,益智类,2024-04-18
https://www.4399.com//flash/240435.htm,困在海底的美人鱼,益智类,2024-04-18
https://www.4399.com//flash/240434.htm,解救被困的骆驼,益智类,2024-04-18
https://www.4399.com//flash/240433.htm,昏暗儿童房逃生186,益智类,2024-04-18
https://www.4399.com//flash/240432.htm,德古拉跳跃,敏捷篇,2024-04-18
https://www.4399.com//flash/240430.htm,骰子橡胶人,敏捷篇,2024-04-18
https://www.4399.com//flash/240429.htm,玄天之战,休闲类,2024-04-18
https://www.4399.com//flash/240428.htm,救出天鹅,益智类,2024-04-18
https://www.4399.com//flash/240427.htm,逗小猴开心系列862,益智类,2024-04-18
https://www.4399.com/https://y.4399.com/detail/106?from=1,明日方舟云游戏,云游戏,2024-04-17
https://www.4399.com/https://y.4399.com/detail/105?from=1,欢乐钓鱼大师,云游戏,2024-04-17
https://www.4399.com/https://y.4399.com/detail/104?from=1,女神异闻录:夜幕魅影云游戏,云游戏,2024-04-17
https://www.4399.com/https://y.4399.com/detail/102?from=1,斗破苍穹:三年之约云游戏,云游戏,2024-04-17
https://www.4399.com//flash/239931.htm,仙山小农,模拟经营,2024-04-17
https://www.4399.com//flash/240426.htm,冰娃火娃之双人跑酷,敏捷篇,2024-04-17
https://www.4399.com//flash/240425.htm,摆放整齐,益智类,2024-04-17
https://www.4399.com//flash/240424.htm,拯救小蜗牛,益智类,2024-04-17
https://www.4399.com//flash/240423.htm,遗落的钥匙,益智类,2024-04-17
https://www.4399.com//flash/240422.htm,拯救有麻烦的男孩,益智类,2024-04-17
https://www.4399.com//flash/240421.htm,寻找运动员的梨,益智类,2024-04-17
https://www.4399.com//flash/240420.htm,棒打无人机,敏捷篇,2024-04-17
https://www.4399.com//flash/240419.htm,小河马逃脱,益智类,2024-04-17
https://www.4399.com//flash/240418.htm,码头侦探,益智类,2024-04-17
https://www.4399.com//flash/240417.htm,寻找同伴,益智类,2024-04-17
https://www.4399.com//flash/240416.htm,解开谜题,益智类,2024-04-17
https://www.4399.com//flash/240413.htm,极简汉诺塔,益智类,2024-04-17
https://www.4399.com//flash/239601.htm,空中漂移,体育类,2024-04-17
https://www.4399.com//flash/239824.htm,双人趣味对决,敏捷篇,2024-04-17
https://www.4399.com//flash/240412.htm,救援受伤的狼,益智类,2024-04-17
https://www.4399.com//flash/240411.htm,逃出衣服精怪森林,益智类,2024-04-17
https://www.4399.com//flash/239767.htm,按键与跳跃,益智类,2024-04-16
https://www.4399.com//flash/239796.htm,小炮筒集金币,冒险类,2024-04-16
https://www.4399.com//flash/240410.htm,陷入困境的鸟,益智类,2024-04-16
https://www.4399.com//flash/240407.htm,美丽对碟逃脱,益智类,2024-04-16
https://www.4399.com//flash/240406.htm,三合镇,益智类,2024-04-16
https://www.4399.com//flash/240405.htm,营救土狼,益智类,2024-04-16
https://www.4399.com//flash/240404.htm,武器库黑洞2,敏捷篇,2024-04-16
https://www.4399.com//flash/240402.htm,逃离森林蓝木屋,益智类,2024-04-16
https://www.4399.com//flash/240401.htm,勇者决斗,休闲类,2024-04-16
https://www.4399.com//flash/240400.htm,救援苹果家族,益智类,2024-04-16
https://www.4399.com//flash/240398.htm,逗小猴开心系列861,益智类,2024-04-16
https://www.4399.com//flash/240397.htm,隐蔽的村庄,益智类,2024-04-16
https://www.4399.com//flash/240396.htm,救援昏迷的狐狸,益智类,2024-04-16
https://www.4399.com//flash/240394.htm,救援爱情小鸟,益智类,2024-04-15
https://www.4399.com//flash/240393.htm,星光学院,益智类,2024-04-15
https://www.4399.com//flash/240392.htm,收纳改造家,休闲类,2024-04-15
https://www.4399.com//flash/240391.htm,地铁侦探,益智类,2024-04-15
https://www.4399.com//flash/240390.htm,寻找酷炫自行车,益智类,2024-04-15
https://www.4399.com//flash/240389.htm,逃离幻想岛,益智类,2024-04-15
https://www.4399.com///my.4399.com/yxxsjsg/,4399闪将三国,策略类,2024-04-15
https://www.4399.com//flash/240387.htm,收集方块,益智类,2024-04-15
https://www.4399.com//flash/240386.htm,大象快逃脱,益智类,2024-04-15
https://www.4399.com//flash/240385.htm,拯救无辜的蚂蚁,益智类,2024-04-15
https://www.4399.com//flash/239671.htm,独闯敌人营,射击类,2024-04-15
https://www.4399.com//flash/239741.htm,蛞蝓吃蘑菇,益智类,2024-04-15
https://www.4399.com//flash/240384.htm,魔法林地逃脱,益智类,2024-04-15
https://www.4399.com//flash/240383.htm,万圣节寻食物,益智类,2024-04-15
https://www.4399.com//flash/240382.htm,披萨消除,益智类,2024-04-15
https://www.4399.com//flash/240381.htm,彩色圆圈挑战,敏捷篇,2024-04-15
https://www.4399.com//flash/240371.htm,救援自由的熊,益智类,2024-04-14
https://www.4399.com//flash/240380.htm,帅气小丑逃脱,益智类,2024-04-14
https://www.4399.com//flash/240379.htm,拯救爷爷的兔子,益智类,2024-04-14
https://www.4399.com//flash/240378.htm,帮助晕倒的人,益智类,2024-04-14
https://www.4399.com//flash/239632.htm,木乃伊找身体2,益智类,2024-04-14
https://www.4399.com//flash/239508.htm,汽车大跳跃,体育类,2024-04-14
https://www.4399.com//flash/240376.htm,年轻女孩逃脱,益智类,2024-04-14
https://www.4399.com//flash/240375.htm,水果大战僵尸群,益智类,2024-04-14
https://www.4399.com//flash/240374.htm,救援胡萝卜的朋友,益智类,2024-04-14
https://www.4399.com//flash/240373.htm,黑白找不同,益智类,2024-04-14
https://www.4399.com//flash/240370.htm,改善我的生活,益智类,2024-04-14
https://www.4399.com//flash/240369.htm,逃出寿司装饰房屋,益智类,2024-04-14
https://www.4399.com//flash/240368.htm,豆豆推箱子15,益智类,2024-04-14
https://www.4399.com//flash/240367.htm,拯救变色龙,益智类,2024-04-14
https://www.4399.com//flash/240366.htm,再次露营,益智类,2024-04-14
https://www.4399.com//flash/240365.htm,决战无人机,射击类,2024-04-14
https://www.4399.com//flash/240364.htm,逃离滑雪小屋,益智类,2024-04-14
https://www.4399.com//flash/240363.htm,玫瑰鹦鹉逃脱,益智类,2024-04-14
https://www.4399.com//flash/240362.htm,寻找声音来源,益智类,2024-04-14
https://www.4399.com//flash/240361.htm,寻找迷失的女友,益智类,2024-04-14
https://www.4399.com//flash/240360.htm,冒险时代,益智类,2024-04-13
https://www.4399.com//flash/240359.htm,寻宝活动,益智类,2024-04-13
https://www.4399.com//flash/240358.htm,骷髅世界找星星,益智类,2024-04-13
https://www.4399.com//flash/240357.htm,规则怪怪谈,益智类,2024-04-13
https://www.4399.com//flash/240356.htm,整理收纳盒,休闲类,2024-04-13
https://www.4399.com//flash/240355.htm,解压排排乐,益智类,2024-04-13
https://www.4399.com//flash/240354.htm,拯救麝香牛,益智类,2024-04-13
https://www.4399.com//flash/240353.htm,拯救被绑的男孩,益智类,2024-04-13
https://www.4399.com//flash/240352.htm,一起叠叠乐,敏捷篇,2024-04-13
https://www.4399.com//flash/240351.htm,冰淇淋店大逃脱,益智类,2024-04-13
https://www.4399.com//flash/240350.htm,解救受困的蛇,益智类,2024-04-13
https://www.4399.com//flash/240349.htm,变异别针,益智类,2024-04-13
https://www.4399.com//flash/240348.htm,寻找学步的艾伦,益智类,2024-04-13
https://www.4399.com//flash/240347.htm,绵羊逃离沙漠,益智类,2024-04-13
https://www.4399.com//flash/240346.htm,拯救笼中鸭子,益智类,2024-04-13
https://www.4399.com//flash/240345.htm,几何图形叠叠乐2,益智类,2024-04-13
